id,polyline
10925672239,omqeFxc_jVAAf@fBNp@LZDVPVBJB?n@YLKJC`@[d@UBKE_@Ac@RuBHG`@GLMHWF_ADOJGfAQFGBY?iA@GFKNEp@@vBEpBMrAEXCpM_Er@O~@IjBGn@DpAApAMdBGvBMpCGb@Bn@PzBx@hAf@fF`ENNDNQNE\BlA?`BNtE@`CCNCDODg@?oAS]BaAPeAFqAD[Gs@CiCRgFT_EZcDJgB@kAN}Fj@mAFkAPyAHm@Hy@Tg@He@PGAQIY]mFmHCE?OCGGCY?]DSF[Ru@n@aDdDe@XAVb@p@Z~@d@r@Xp@X`@?LGb@@DVNbBpB\ZNH@HEr@
10924041243,{{wbFfimgVDo@@aHCSOM[E}A?wAEkABcH@cCDWCSKGKG[GkCAuPB}AI{Q?qQGmGBcHCsC@iNEiAMeB?oDGc@KOOMWGWAgLX}B?cBCqDFqCAeBDq@A{@IWGSOIYK}@YwAKkAC}@A{TBeGEiSBiEC}BAeEG{@OeAe@cBo@_B[q@Ya@aTaZm@iAaA_CgBqCkDsE]]_Ao@c@g@s@aA_A_B{CcEaEaGwA{BuAmB_A}Ag@aAaCeD}@{AWg@Ye@}@eBq@{@_EwG}BoDaGsJo@}@aAiBSWu@a@wD{GgKsPsB_DmB_DwA}Cu@qBcBkEw@wAo@_CMUQg@}@eBYq@u@yBi@oAi@iBkAkCeAuCkAkDw@oBm@sAeAwCg@kAqAsDcAkCoB_GaCmGc@aAa@sAkEqK{AoE_CoG}ByFgBeFsAaD_@e@SMUIuC_@uCUcAMUGUKy@q@gEiGuBaDoBsCoCiE}@{@yIsHqAyA{@iAW_@o@sAa@cASU}@gB_@m@uAiBeA}AYi@ES?IDMl@_@~AqAv@_@fAWN?HHHv@JVHHf@P^Ap@Oz@c@f@@
10900304799,mlncFrrcgVBFF\`@pAJHx@FbBMb@KDKGcBDWJKHCP?|@PFJBRQ~A?h@PrBFVPPRFjA@hBP|Bd@p@P|Av@dAr@`Av@nAjAx@l@tAn@t@Pv@NbAF|@C|HaAhGkA^E|EsAXCJ@DDBLBp@V`Cd@|IHfCZ|HJbHnA~Mn@dFfBzLnAxFr@rDv@vCj@dBLJPDt@FhDUT?HBlB_@tJ_CLGTTF`@Tx@HTLPfAz@tG`GfGlFRJTD^DT?p@O~@g@XKP@NLrCbHdA~BpApD^nA`AbCb@pBV|@T`@b@t@b@lANn@`@|CFl@DbBAvAOjAYtAk@bBy@`BaBrC}@bBqArCw@lBkBfDk@fAWp@]nA_@zBKtCBhCR|BRz@n@`Bv@~Ah@x@`A`A~CtBjAdAz@|@PXd@|@^fA|BjINdAXx@T~@L~@Ll@lArCb@vApClI\v@f@z@\~@d@bALJF@PEROBAFDJx@H\tAhCVn@p@|CZ~@Hv@FLDBJAbCiAtBsAnByAZSRGr@InBiA`Ci@rBm@pYkK~@U~@Kt@?r@F~BVlGx@r@L`CVrATHHJLHDN?ZSPC~@D~FCj@BdBBvCZvDNf@CpD_@r@CxCAdAKrAW`@CZDh@Nv@Jf@BtDFxD?~@BhACdD[z@BxBTxBFrGApBBv@GdAA~ASt@E\@r@Jz@@v@FzA?~@BlJAvAIjAA`AIP@l@Lx@@t@DR?h@Il@Cb@IVAlAB|@?n@FdB?v@F|DA`B@~@AFATO`@{@ViA|@qCtCkKf@wBPc@NGPDfA~@ZP\Jr@DtM@vCE|@EtADlDAt@BfB?lACzJArAB|@CxAFvNIxE@hCChBBvDC~@B`EEtG@h@C^GrEgBh@ObAg@dBgAfNoFjEiBz@QxDe@zA]\MXSVWxCaELMNCH?NJn@l@h@ZnAbAnBpAdDtCnItGrBhBp@d@j@f@`CfBxFxEl@b@h@d@nCnBzD~CvB`BhB|Ah@`@fAh@jCrBh@PJ@JEHOBYC{DBUDINKTAjABzKKbADlFGf@DRDFFDVAnDIjAOVa@B
10900304664,iywbFjgmgVJOV?@ICmAF{@BeBA]GOGESEuCFuAA]BOHITCZBjDClLCZIVQJUEiDgCy@u@}HcGuHmG}@o@aBuAsB{A}BqBoAw@g@k@kE}CmEkDeB{AoDkCkCwBeGuE}DaD{AgAeAi@e@_@e@QQFUPkAjBmA`B]Z]Tc@LgAR}Dd@o@NoKbEoBx@gE~AmBlAu@\mEbBiAZaLDeACgDDsEA_DBaK@sDC_BDgAEcDAcBBqI@eBByPAyEDmFAgAEa@K_@SuAiAICM?MHS\eCtHWbAOXUt@mAzEId@OhBELIDgHDqEIeAE_B?}@@k@J_BHwEUaDRyED_FCgFMu@I[?eBBi@FcBJeCDqGKcDD_AGsAOg@EoDXoEDiDAuAFs@CiAOu@Mi@CYBq@LeAFoD?mBPqAPm@@q@C_A?wBIcCO}ASeBMoALe@@uBGKD?D@@WNC?MGUYSGuC]qDk@uBUcAIwCa@o@C{@@o@Fw@TaBl@wFlBmN`FeCr@gCh@{@j@i@Xa@Le@DSJsG|EgBxAEGEm@Q]Y_@Oa@}AiGo@uBoBoEsBmFkCwHy@mC_BaGiAyE_AqDWs@s@}Ay@iAc@a@cDkB{@m@e@e@u@_AWg@c@gAi@_BS_A]mCIeBBuAP}A`@gBp@aB|@iBlIyOhBuDd@sAXmANgBP{@B}@AwAOmBOaAa@eBoA{D}AsDY}@Sw@gA{C]iAyAsDuA{DsCaHqBuFg@gBUqAa@cDKYWoCaB{Lo@qFGoBBuBJaBZuB~B}J~EwR^qBVkBLeB@uAKwAE_DKiCIeAGMKMOIa@CsHv@qAFy@C{AM_C]yA_@mBs@uAa@yA[u@IeACsA?}ADcBTc@Ha@LkEvBkAf@oAv@aATuEpB}DtAkG~AoCd@oAZgGdA}AJyAMw@Q_@MyA{@kC}BgAw@u@c@wAo@i@S{A]_AOmAKyAEY@UBiBJoAR_ARw@V_Bt@SDOCEEIUUqAEs@?m@FOFCfAOXKJKDM?OQ}A
10891917670,qrtbFz_ogV?AYKO@EFChAOjBYDWM{@o@cAm@uAu@yBeAiCaAeBk@}@YeCo@wB_@gC]kFe@{EUiBAcBGaCB_AEeBO_Ca@{Bg@uBu@qDyAuA}@gBmAq@q@{C}BuBgBmCqBa@k@AOJm@EeA?mAEYQo@CSEgC?sCBSFI`@IR?DB
10891917442,mywbFfgmgVDCZDDADIA_BFc@@mCAMKIWEqA@oCAk@@IDMVCVE`JHfKD\HTNRdA~@nBxAdF`En@p@bCpBxAdAhCdBlB~@|DxAl@PpAX~En@bCLjB@`BA|DHtE\vFv@|Ex@tCx@pC`AxBz@lB~@rAv@fBfAhDbC`ClBnA|@tApAhCjCfE~ErO`RtGvHbC~CJRNJf@r@fE~EdCdD@JCF{@v@E?]e@
10858820219,kywbFjgmgVDC`@CDE@sAHk@C_DEIECYCcC?_AB_AAs@CyAFiCA{ADsAAcABu@?Q@KJET@nCC`AGLC@IEmAaA}@m@cBqAoB_BgDkCqGiFa@WeFyD_BuAuB_Be@e@IESGmEeDgB{AgM}Ju@o@{B_B_BuAmA}@}BqB_BkAkIqG}AsAkCoB}AmA_@c@e@u@Se@c@{Ay@_Dk@gCyAsFs@wCkAeE]{AcCiJ{@kDcAyDg@qB@OWs@cAgDKSGCQ@sAv@_@NSDQGIGMYc@aB{@sDyAiFa@_BSmAcBgFc@uBk@iCEYBQLM|@e@tAo@lEuB`Bs@fCoAZUdC_DbDoEfIeKdEwFhFoGhEcGbCqCJILCF@z@r@r@b@`BbBdA~AhBdCpBdE\j@dBdCbBxB~AdChB|BpAvBbEzFj@`AXn@P`@Rp@Nz@Hv@@pAFzAB`KHhE?nGClCEfABrBCpNBpKDdAFb@h@~ADv@J\HNPJb@BzG@zBA~@CtA@nGCt@BRCvC@jCCV@JHBRCxC@bIAdD@zDA~B@vODxEErBCD?f@DtB@dDC`J@xCBfBAfFBv@?vDFhCBZPdA?|ABFJFXBhDArC@pDCr@Cp@BvBCn@BHB@HEn@@nABtAF`ABHBBt@L
10858820209,{~qbF|mqgV@BWf@IZEJMDy@@QDGDe@dAWZEfAGR{@bAMBOEeC{C{@w@m@{@gAoAiA}AoG{Hs@aA{BgCuCmD_HyH_JyKwIyJyDyDy@q@}AcAy@s@s@i@oCeBuAw@cB{@oCkAcBk@i@K{@a@cDy@eB]cDg@_DYuBOyESoCGiD?_BKeAMwB[uBi@kG{Bs@_@wAaAgAw@cA}@}CcCe@a@uCyByAuAAKJg@?i@Ey@?wAKu@CYEaF@aABIFEn@A
10858820156,oywbFvgmgVRETAHE@GA{AFcA@aBA]EOOIUC_C@}BDM@MDIPCXEbOFtDBlADLLTPPrA|@l@l@`CjBv@t@vAfAf@d@xEvDvA`A~@l@|@`@lAl@hDrA|A^~Dn@hBNrCHhGDbABrE\hCZlDh@~Dv@v@RhEpAjBr@hDfBtCdBpDjC|D|C~AxAdBfB~@`AnBbCxFxG~D~EpC`DfEjFzExFLXd@p@bF|F`BpBnAtAp@bAJBTSpEcGNKF?LHr@x@FPF`@JNTBz@EdBEJC?G
10858820118,mrtbFb`ogVq@IEFArACj@Et@CBE@g@UuA_Aw@_@mBiAcAe@aDgA_Cs@{Aa@_E{@sB[gEe@{@GyEUeIC_BGqAUiBSy@QoAa@SKs@IsCkAs@Uw@_@cBiAcB{AaE{CgA_AuDuCSUAOBk@Ey@EeBKoA@qACoB@yBBKLEh@ALD
10837661715,aywbFzgmgVHITGDS?mAH]Eo@@cBGYII]CiEBw@BKDKNCTIpJDrEAlBJhAJ`@JRVVjFdEvAlAv@j@\`@f@\rD|Ch@VxBzA|CzAnDpA`Er@vARhCPjADvC?hCDlG`@dHz@fDl@jBf@fAZjC|@nBx@fD`BtAv@tA`ADAJ[JaAD_A?gBDIHAn@\
10837661466,gywbFhgmgVBCZ?BICaAFaA?eCCOEGSEcF?a@@SHINCJCZ@xAAjCBdICj@EXORSFUGuC_CuIuGmAcAsAaAuCeCiIyGs@e@}@y@a@Yu@a@]_@qF_EkCyBuAqAOOMUGi@AoCDwICmKEoCDaMCiABwKCmEBqAAoBBsJMsBe@wBGo@A_@AoSFyCAiABw@HQDETEr@Gn@OfA]|@KxHAH@HFH\B|@@nMFdC?pDEnE@xEEJL\JLNJTBlDAxDJrAEzADdBCLBBDD\@jIC|I?~FB|FCpCDvJCtCB|@B~HA~HHjM?dHBfANdA?|@B`@FNDDRBzHE`A?bEGnDDLFHVDnG@DHDj@@BB
10817238509,acxbF~eagVe@HyCVkAFeHPcA?UDIDILCRVdKAvCBpAAjGCv@Jz@HrCOrJ@rFC~EDfCAlBB~AAzC@rD?fGDlBCpA@tDAxFDlDArDF~JCvJBpC?pAD|JC|@BZ?vCCpAArAJ|GN|FC`Ga@zIAfCEnBD`D?`BCr@?tBJ~KAfABfCH|ADdFAbA@`FEvF@tHDzBGhGDnHAbEBtCBnHCrD@zCBtBAdABxDCxD@`BBpANx@DzAHRRJ`@BvACrFAjCEtDA|@CpBBZDJLBRD~CC|AEJGD_@H
10817238454,olncFtrcgVFb@HTHf@FNDDj@DNB|@CfA?LAHGHg@@c@Es@BUDERC`@H\LLLBTUnB?nAB`@D\DNLNRDz@@xBR|AZnA\~At@bAn@n@b@tBnBbAt@^Rj@RlAVpALl@?l@EnB[d@A|AY`CY`Cc@hBa@`FoARCLDDL?p@T|BT`FJvCDzBZhHNjHZrDr@zG~@lH~A|J`AlE`AjFb@fB^jAb@bADFPJl@Fb@?zBQbAEdE}@fDy@xBk@JNLr@Ld@Pb@NR`Av@bEpDzEpEt@t@`Ax@^PTFn@@TCTIhB{@RBFDLTd@~ApAhDxAtCf@r@`AbCNLh@YC?BNHLFFHAfC_BDEAA
10817238341,aywbFlgmgVNEFEFa@HaFC]EMOGIAuADwD?QBILC^@bBAdOGd@KNOBSCGEwB_BkJkHwAmA_BmAoD{CeCgB}AuAwFgEqAiAgBqAsA}@iB_BsB{AyCeCsN{K{CgCeCkBcAa@m@e@E?W?OLQTy@pAmA`B[Z]Tc@NgAT}Dh@eAViEdBuDrAc@RwGhC_@PsAz@_@PcFnBm@Rc@HoCBgFAcAB{@E_ABcG?uGCoBBqIBkBAcAEoBB{B?{BDcG?y@A{DDoCEiFBk@BuAAsCBoE?uAGc@Iq@a@{@w@e@AOFGFMTy@jCmAlEe@bAwAlFa@~CGLIDwAAoFF}AIqACaAIaA?mAB_AL{AJmBGcAIgBJkCDiAAcFBwDAgAGcA?eAMw@C{@DcC^sADcCIaCE{F?oCWi@AY@}@LqBJsA@wBCwE?uAIeBUg@CYBo@Ls@FeEFkBN{APU@mEIcEYoCYi@CqBLiBAIBCHOFK?QGSUICgCY{@OyEk@cGw@c@Ec@?gAFy@R{JpDmLdEgDdAkCj@SJe@^s@`@WF_@DUFkGnEkA|@[`@GBCEIu@MUYYKWe@sB}@}C_IwS{BmH}AkGgDuLWs@{@iB[e@o@u@g@_@iDuBkAeAc@i@q@oAw@wB[kAUwAGk@IuB@k@NcBPeAd@gBb@iAbDuGnAuBp@qAfBqDr@kAx@iB`@mAb@yBP{ABoACeBOoB[eBa@_BcAmCoAqC_@cAEOEg@o@aBu@_CeAgCyBeGm@wAs@qBq@cB}@iCo@aBc@yA_@oB[cCAi@ScAQkBmA{H]sDYoBKgACgB@cBJ}ARsA`CeKrCsKnAgFb@{BT}AJeAFgA@cCC_AQ}ASsEI]IMOMIEWCkBTiFd@sA@_BGeAKoAU{C{@wBs@aAUu@M{@IqAG}ADgAJ}ATc@Lk@ViCtAyB|@iAl@mAZmDbB{Aj@}@Vq@VgA\sEdAuB`@{A\mB\o@D}B`@yAFy@Ea@EwAc@k@[g@[_DqCgBeAmAk@a@MkA[cAQeBQgBCe@C]?sAPwAXi@N_AZ_Bt@QBGAEEIQUoAGu@?q@@GLORGz@ONGJK@[S}A
10796600025,mrtbFt_ogV?@[IQDGJCXK~CQ?]OoBsAoBeAsAo@mBw@gFcBmEcAsEm@wEa@mAIuDOiCGcB@wBCcBM{B]eCu@UAoAc@cDqA}CsB}AsA}BcB{@s@aA_A}CcC[_@AG?KLOHCXHHCDKH}ACqADULc@@OGuHEKGCYCE@
10796600121,mywbF~gmgVl@MFGBUJyCCgBG[QKoBEgDJYFGFIVA^@~@B`SBb@J`@T\r@n@lG~E~@n@l@j@`F~DjD|Bt@ZlAl@lDnAhAZ~AZdC\rAJp@DrC?dEJhGZ~Cb@JChANhBVhBZtBh@vC|@hDpAnDfBvDzBPs@JkABm@?iA@SFIL@f@`@
10796600228,s{xbFreugVb@CHBRIF_@FEHAL@JJHDj@Bf@HJAHCb@g@BU@kGGgAEgDEiA?qAPqACgBAoHFgEIkGAeEDqC@_MBgAImG@_EHk@K_ACeB?qD@wF@GJKZEbCIpEAzBIhA?RENKBI@WCaB@gCCyBEa@IQMKc@So@OOQG_@@kBC{BIoAOa@Yk@w@eAU_@Yo@G_@JeA@e@EcD@aLC{NA{@OaB?uBBaDJw@j@gBHi@Bi@@wAEqBBo@FSFGjAw@`@e@\s@L_@Le@Fi@D}ACqCBkCIwFCgG@{FBQFMTIrBChB@ZBNFFLBRB|DIhAEDY@
10796600131,sywbF~fmgV`@@DADI@iABc@AkCG[MIg@Ci@?KDADALBjFCfAEV?i@B}@AqECWKIWCeC?SFGFGTAND|C?lKCjB@RFZEhIAl@Gn@UdAWn@[^i@^c@L_AJaEBg@HaBGU?IBIFGVDt\AdDDpHAlHDjJArFD~NApJF~R?hAChAD|G?rLCnBF~CA~ADlCAvBInDCrID`G?hJFbD@xFC^CFMFeAAWGeACGFGd@c@J
10769926587,_lncFnrcgVCF?EECDJ?\XpADFLFX@^F|BUPGBI?wBBUDEFAT@r@PHJBVOpCD|AHb@JNFDTD`@Bx@Jv@Bn@JpAXlA`@`Bp@z@f@tA`AjBdBpAt@t@VRDnANx@Dn@?~AOn@O~@I~@QhBWjFaA~FwAxDyA|@a@zBoAtBgAnC}AlB}@~@[~@QfCQbAAdBHdAN`ARvEzAdAVnAR~BRnABvAChCQjCYN@LLFVLlBLjCB|AA`ACr@OlBSvA]~AyDbNUdAY~@WvAUp@eA~Dg@dCO`AKvAAnBH`Cd@bFTpA`BjLDf@?\L`@Fl@XfBHr@XxARp@`@z@Nf@`@|AlBzGDPtApCdB~Dh@`AXn@hB`FDh@dA~Bz@xD~@bBd@hAPn@\jBRjB@f@AZKfA_@vBc@fB]z@kA|Bq@lAeAnAU`@y@bBe@lAKLa@z@{@zAy@`B[t@Of@m@~BQxAQlBCz@?hBNfCBXJb@\z@bBfD^j@j@l@b@^jD~Br@j@`@`@^d@b@v@fApC~AxFHd@\tATvB`@dBl@jAnA|CnAfDf@`Bv@dBzAbEFHLDNCVKJ?@DHp@FTvAzC`@fAh@rB^dALbAHRJHJAnAq@tBsAv@i@hAaAv@k@RE`@ETEfB}@lCo@tDiAjFoBtBq@pCeAtBq@rDqA~@Ul@Gj@At@D~Ft@lC^`Gr@LFJPLJXGVQJAhCBhDIvBPvC^rBJhC@`D_@lBI`A@z@GfAKxAS^BdAVrAJlAFzB@hH?~BUt@CrAHnDNlAA~@EzE?jCJv@E`AO`AE\@z@Fx@?dAFxDI|GBjACl@E|@?|@I^Bp@J|BBzAK~@Kx@BvA?n@Ff@@tMBHGNSf@mAXkAh@sAV{@TOHQPgAb@uBT}@\iAf@qBNa@LOFCF?PHt@t@ZR\Jj@FlB?vACfHBzLCzCCj@@zCAxBBjCCnFBlAElC?nLBhAC`AB~@CfDAdE@dCE`B?~BB`DIj@I`CaAfA]|As@lAw@f@WpAi@jE}Ax@a@nGcCnAi@h@Oh@KzAMfBYf@M\MZQXUlAyApAkBNMNCP@PJvAjAjBrAlJ~HnAz@fCpB|BbB~BlB|DzCjC|Bh@^NVNLzCrBVL`@^j@^h@j@vAv@nAdA^`@T^ZXb@Zd@NZPdE`DLDNANIBIDk@AmC@g@DSNKRAlB@dCGjA@jDGj@BvBEhDBRBDDFFFRDdDG~@?d@GDi@N
10769926416,{ywbFvgmgVNKXAFK@IHgE?kAGQIGe@EcAAuCDWDMHIHAFElAEnOA|@GZIFIBUCu@g@}FsE}@u@uCwBWa@OMsB{AsBiBuC{B{AqAqB{A{AoAqHuFgFaEqCuBgH{FiAw@eJkHaBcA_CcBa@C[Vq@hAiB`Ce@d@ULa@J{AX_BNqARc@JyIhDyAl@g@T{ElBk@VaB`AgCdAaDhAa@HwB@kFA_S?{OFaAEs@Fq@E_@A_WDmBByBCwFBi@CiEDoE@aBCa@Gk@[sAgAUIE?WLOReC`IaB~Fi@~BYhCEHE@wF@wBAmAGoA?_AIsB?c@@i@Hg@Bq@HcAG}@CeAIc@Bm@Fu@?q@FcO?uAGaAAu@Iu@CuABu@JwBNwDIeIAq@CaCS[AY@kAPyAH_FCuD@kAEsCY[AYBy@N_@DwADwA?{@DoD`@a@BwDIuDUwC[w@E_CDaBASDCHBDQFM?KE[[KEsGw@sFu@i@EsB[c@Cc@@o@Dy@PiE|AaA^w@VsEbBu@ZaHfCoA\kCj@_@LaBdAUFm@FUJkDbC_D~Be@d@IBEEAKKy@IOWUKQo@iCaAeD]sAs@sB{CiHgBaFyA{E}DcOcAqDu@uBa@s@c@k@e@g@]YaC{AoA}@g@c@k@q@q@oAm@_B]uAS{AGsAAgBDOHwAHw@Lu@Pu@Pg@Xo@xCsFxDwHjBmDbAuB^kA\iBNwAFgBEqBIiAQsAc@iBg@wAeCuGQm@EYKYyAsD}AkEwC}HW{@cDsIo@uBWqAu@qEoBcO}@wHIqBBaCJsANcAVqAfAyDj@eCj@uBtAkGpAaFj@sCZiCNcC@wAQiBKsCM}BOc@MOUKc@ImIx@gA?{@C{AMsB]{Ac@kAe@aCm@aAQeAK{@CqABaCNgALy@TiDbBaBp@]Rm@b@oAXaBx@gBv@eBn@m@Ng@TeAZ_Cl@qEz@sBd@_C\aCb@c@Dm@@oAIcAWk@SiAo@wCkC{@o@]S_Ae@_A]kA[cASqAOw@EsBAW@yANeCb@w@TgBr@OBGCOYOs@OqAAs@@GLKvAOREJKBG?OQmB
10712286155,ixwbFfgmgVDE@O?qAB{CC]IOGEWAkA@sDCMFIJETCdD?fIC`HBxDAzBIjAOv@Yn@c@h@i@b@a@N_AFoD@eAHg@Am@QG?QBIFKRE\?`BHdLAlKFbKDtZAfACTCFQJU@s@Ce@Gc@MmAs@c@Oc@KiAOsCC_D@yA?o@EiB@o@Mm@SiAi@c@IqCMyBC_@FKLETArAIlAGj@Kh@c@tAaBlDQd@]rAGz@E|@?l@b@`T@jBLhIB`KMhCMfAa@~Bk@xBa@bB]nCKxAClADnQBbAA`@CJJb@PPPBdC@~BEh@?TDnBCbCBzAAjJR^DdAZ~Al@z@P^BbE?tDBt@BRDDBDFBT?hFHrDB|JA~F@~DCtCGb@MNSDeBA_DDkDMkAF{FDgCJiGJyBCkABkC?gBCsAIsABoBAuAEmCAu@@yDEwDJsBEyC@_@EIECICY?_AEcEAwLCkE?}VEmODkCCcLDmNG{HCcMCgHEog@EgF@mCEmM@aOEiCG{@QiAyDiQu@uD}CgNiBeJaAeEm@{Ck@mBiCuKu@uDCM@MJKx@[x@m@j@YpTuIv@SdBQ`AMdBc@`@MRMXYbDkENIN@PHrC`Cx@j@|FrExBfBt@r@x@h@vEjDh@h@rGbF~AtA~AlAdA~@zBzAhBtAnD|ChBhBd@ZpBdAfCjBFBd@AJKBIB[GuDBWBGNITCrE@hEKtAB`DGxAFxA@NFDHBVA~C@tACNEF_@H
10712286174,qd{bFri~fVs@h@kBdAc@\ILARDRpA|DZp@t@fAx@lBLLFBR?b@IHFFN?REjAB~@L`Ap@jBRt@Xv@d@lAd@rAx@lBLJPB`AKlAA|ABnBEB?FDFp@A|BBxB@^ZLf@NRBlBKvCGt@?`CK\GNKDIFi@?_B@KJGdGW`DIr@BPJDHHf@PvEPdH@pBAt@@p@A`DXtLJjKLrIJrCDzBB|DGx@Kf@KVm@|@eFvGoAbBiDlEs@v@eArAcJtLkAvAyDbFcAjAe@p@oDlE[\g@r@aBrBcAvAoA|AyArBkAtA}@lAm@dAa@d@Md@CT@HHVPPjAr@`@`@zElGl@fAl@vAx@xAxEfHbDfElDdFdArAnAfB`@r@`@dAXz@Jd@L~@Dj@?bAJ|BAvBFbIAbKJ|CDZHNFDRF\C^GfBe@r@IhHE|@@VCRKRSDU?KISYm@Ke@C{@BQBG?a@He@L]d@e@ZKzB@lCGn@@\DRJPPlBzCR^Hb@BpAD`@LT^VDFBH@XChA@nBH|DCbC?fCRjQ?|GB~BCbD@hNDlE@`BCjCDrDCjH@nQHrQErDDbCTfB@jBBFNDb@BjA?bHGt@Cr@@d@Cf@B|BA|@BtA?\@NHDDDT@vCA~AALEFa@H
10684492020,utxbF~migVDA@OC[WSg@HA@Bm@AIGC{AFiB?oENuF?m@CsCHyB?uBD_BCaAQOIEMMs@Ww@Ki@OkAE{@B_JCsPDqACs@GsO@}HCoA@{CG{AQcA[oAY{@_@y@g@y@eDoEaH}JcFaHs@qAaAyB]i@o@{@eAeBuBsC[YcAw@Y[IS?IFSrA{AxCgEdBsB`B_ClCeDnCyDpDcEhA}AnDgErDeFfCyCbBiC|DcF~BsChBeCtCsDh@u@R_@FWDk@QqGCyEa@{LAeBKaFGqGPqG?iBGqDS}GC{BM{DGy@Mg@u@mAiEqGm@aAcCmGKk@mAyCoA{DWq@}C{Gc@eAM_@i@m@GMC??H]`ASZm@j@mA|@wAx@gDzBs@`@[Nc@LuAVo@N]R}A`A[NYBECMM}@eBWs@
10684491962,eywbFhgmgV^KDSHcFAa@GOGE]EgHB_FAwGDa@EUGGGGWA_@?oKCkGBqEGmHB_JEuCDcJIsJ?uAJiBKaDEeF?}FDuDDw@
10670968647,kywbFtgmgV`@OBKJ{EAk@GSs@O]?}BDuAAK@ILEVCdFDfNBj@Jh@X^dBvAdHpFx@v@pEtDdBlApAx@`Ad@vE`BvCn@nCZtALfADrC@dFJhG`@hAP`CVhF|@rDbAnB`@zCrAjBdAnD|B|IxGlBbBz@v@rAxAnIdK|FzGfEjFzBbClA|AfD`Ef@t@pCjDvIbKdAvAdCpC|B|BdAtArFpF|BbC|LdMtApAt@x@xBtBpAtA~DzD|EnFv@v@dAlAjCfCxCbD|KrKf@p@|AdCxAnCzBrD`@b@v@t@~@x@fAt@d@b@j@l@fE~FlB~Bv@z@|@|Av@lApAjC@?Zc@?OoAcCy@qAwBoCgF}GsBiCm@m@qCwBq@o@]a@k@{@k@aAu@gB{@iB_BcC}AwAsAiAiCqCmHmHsB{BsJoJmCuCeKeK{I_J{BaCmCyCqCuC@?sBqByFwGiBkBe@w@_AiAiA}A{DmEi@s@uBeCwCqDiDwDcGiHmBwBcEkFqByBiEcFyEwEmAcAoBsA{BaBeBiA}@w@cB_A{@_@kFqBcIiBkEq@{Ea@yDSgFK_B@q@AuAIcCUiB_@{A_@{EgBy@YUKmAs@sBwAc@e@c@m@SQ{BgBe@e@_FyDMQ?QFGJC^LJAFKDU?o@HyAPm@BQBw@CkABiAKeB?]CKOEMD?F
10656592275,mywbFhgmgVb@AFCBKDqB@qCG[OKIAoC@sBBOBOHKTCZA|GF|HA~@DPB`ADZDJPT^XdJpHj@h@fCrBdBrArCfBjCnAdE|AhB\xDh@hBRfCLBAHMFEFA~@?jABfAHdBDhCLhAJtARzEr@nCf@fAXnCz@vElBxAp@`B|@rA|@^\BATgCH_CBIJEh@`@B@BC
10656592348,kgkbFt_xfVN|@FJJ@PINQp@aAFGH?VTN@PGV_@d@aAPi@Pw@Lw@PyCAYEYMUKEYCuK@uEH}@Aq@KIGOWUKQEy@Ec@GkA_@w@OU?o@HkCPsEJsGDyABgBHkB@eADwDAiAD}@FoAXs@Da@HuBJs@F}Cj@_D|@G@SKOByDfBaDfA{D|@sElAw@La@AUKW][o@OU][a@Qc@G]CuAHe@Hs@ZY\{G`LY^_@Vw@`@eC`AcBj@{ClA_DhAg@HqHrCsE~AMHY\gDhBmDfC_VlOoAr@_Ab@oDnA]NGHCT?x@J~@AHEROLw@^e@^qCvC}BlBiDjD_@ZSFGASKgAaBoAwAkAw@gAa@q@{@ACIIi@Y]d@MDOACSMSmEiDoBmBaBmB{AuBSYw@yASQQICG@RFLdA~@nBxCrBbC|@~@z@t@jDjCXVL\ATGF}CpA{Ad@y@PsAn@cHvCuAn@oBfAyDfC]LeAR_@JeAl@q@T[PURU\WVeDhCkDzDs@n@cJ`HoIhGeC|AsDfCg@`@o@p@sAbAsHrE{CvB_BnAmC|BuHtGi@j@?PFPv@`Bb@fAb@xB\~@zPr]Vp@n@rBd@fAV`@h@n@v@jAjBfE^~@fEvLtA~DH^AFIJ{CvBsBlAmMnI_CxB_KdH{DpC_An@}BzBKPGVVpKPpECbDL`I?dAW`FKdKIdAk@lFSfCK`BGrB@`JIxIFf`@AnCMdCu@fJG~Bo@pIK~BCpCB^PPtCl@JDFHBXCxJDt@P`@XR\Dl@@VHHPDp@DjEDpAEhIApHDd`@KbD?`AExCJxR?tYBdO?zFRnKABC@YGuA?u@Gg@@aAEM@NbB@tFDJJHPDn@BNHJRFd@LrBJtD@`EAXETKL_@FmHHIHEP?dBIBe@@
10656591787,{kncFjrcgV@CG@AH@XP`@Pr@JH\BRNR@hAK`@INIBW@aBDUFERA`APHJBROrB@|@FjAFXFJHFVDjA?nBNtAZ~Ad@nAn@`Aj@|@r@~@|@dA|@vAr@b@Pl@LhALz@?bFk@lC_@pF}@`Ba@jCw@H?f@IN@DDDN?h@PnB`@`HF|AFnDZdHJvFtAlOt@pFhBnLr@jDz@jEfAbEh@xAFHNJb@B~ESlEaAbHgBPHVrANb@NT|ElEfGjFv@x@p@x@PNTHTDV?`@CTIbB_ARGN@TDJL
10656591861,w|hcF~~}fVCc@DGNGjDM\IPIVWn@cAj@oAHW?OIMgAgAu@{@sBsBUMOGQDkAt@k@Hg@R]RMNKbAKp@q@vC_@bCK^EJKBi@UsAqASK]Fi@@QBMHOPeAzCgDxI_@dAwAxC]bAgChGaDnIsA|Dk@lAyCxFWl@mChFkBlEm@tBk@xCOvBUbNKpMBzEHrBT~B\fCfAtG^dBXfAh@~Af@fAfAjBJ^?HITiAbBm@fAYt@_@pAqA|Ga@jBO^GDQBcA]uBW_AGcB?gBF}BZq@ReCpA_C`Ae@Vc@Xc@P]JmBz@aDnAeA\eAb@sElAyDn@mBd@sAT}@JoB`@qAHk@Eq@Gy@Si@ScAg@e@YsCcCc@[_Ak@uB}@cA[oASkAKcCEk@@}ALs@HmAZy@VgBv@Q@GCKQYiAK_AAm@FQDEbB[LGBEBOOcB?S@E
10627674579,gywbF`gmgVLFLCFE@K@y@JqA@gBC_@IOGCSEyA@kBHiBGoG@}EHk@EQGGIEIC[?qDIaO?u@D{@A{BAa@SwB?uAGMc@CuGFcFE}CB[EKOAYFuIE_E?mJAaADgD?gFA_AIm@@ILKp@KTKHSB[Ce@EWSm@EUCcIGy@W}ACi@?aBJW@@?@?e@K{@A{A@{IFuFMcKKmAC_AI{@UUQII?cEJiB?a@Bk@HoBh@_@FS@QAMMEIA]@qBCaG?_FD}A?iCIoHM}A[cBW}@e@eAu@mA}CeES_@k@s@{BcDy@cAsAqBoA_BeA}AiAgB_AuBgAkBaDoEaAmAYW{@m@c@e@m@y@_AaBmAcBy@sAeAuAcA_B}AwBwA}BaCiD_@e@w@mA{@iA}@aBc@q@Ym@wBkDk@eA}DoGmCqEiE{GcA{AgAoBuAeBcEoGaGyJaAwA}BuD}@kAeBoCUu@g@wAaAwBu@uBw@mBi@cB}@gCUg@o@iAgBeEg@sB_@s@sA{Da@{@k@_Bk@sAiDoJk@kA_BsEgC{Gu@uB[cAi@qAg@uAOg@aEqKgCaHi@qAs@sB}BwFsCeIw@oBQ_@c@c@q@YSCi@AwCe@aCS_@Ke@U{@u@_BuBgL_QcAsAm@o@eGaFkAgA}@eAs@eAc@s@iCyFg@_A}A{BmB}BuAwBwAqCi@}@MOe@[QOqAoBg@UOAQ@QHyDrDmDpCqBhBmBzAqJfIkAhAgA~@_@XUJoF`GkC`DiCpCk@h@_BhBaApAaA`A}@bAcEfE{E~DsAbAuChCiF`EaDnCuG|EyApAaCfBo@l@kAt@q@VkAZ_AR_@ByBFiCLmJRUBEDO@cBH{B@qDHwALcB@mDNi@Cs@MeCu@_AQUCkBE}AQkBCaAKSAQFMJqAnBi@f@SL_@JwD`@SLEF?JBHFDDE
10617843797,qxwbFpgmgV?B?CXMBU?}ECg@IOIEMCkABwAC_B@UEGGE]E_FHuCCKWI[EuCEkB@_FEWCIEIIEKE]A]?kFBuAIcJAeIC]Os@Eo@IO[OUC_ABcACgAFcD@iAA}DDSCQMEKC[BuDEyIDmJCy@GWa@y@Qe@E[EgAEWMKSCsG?wCBQAKGGOAWDkBEyEIkC@uAKkAEGSGYAyABmCL}CBy@ESIGGGYA]BiDHsBFyEAwJIcFEw@EYKK]GgA?wGBsDQ}@CaFYgB?c@Cu@BuKF{@Fo@P}G|CoBx@uPbIwCnAiAj@iElBeA`@mCtAmC|AaAf@_E~AkCtAsD`B{CjAu@RsCxA}DhBi@ZkFfC{CtAk@ReARa@NqAx@kIjGc@f@_@z@sBtG]~AGx@CfCCpE@xDAl@IjAQjB_@tBGZ]`A}AnDm@hB_@xAqB|F_CzHm@xBUbAGn@B\@DJDlAGj@@rAKz@BvAArAFTDhBj@v@NzAPxAFnBLbCMlBCvICrDBxDEfA@vCCzADx@?ZDR?hAEr@?~@Ev@?|@AlC?|@A~BBrBChBDz@EzA@bACpA@l@FhBC`@Dj@LtAn@fCdBvCfBdA`@nAXpAHx@@`@CVGbBm@hCi@DCBIh@KHE@CG_@g@qAcBmHa@oAWqAm@wBsBsJq@gD{@oDqBoJ[mBMqACcA?g@QeCM{DSwEIsCEcDKy@Mg@Qc@Qa@]g@o@i@aCcBc@e@]m@Ws@aAqDScAEc@DUDI\Sb@GT?^J\Tl@j@rD~Ct@\TF`@?`@CTGnEkB|@c@r@Wh@Qx@c@jCmAxDgB^O`@GzA?r@E`B@hBL`@XrASnCElDBdADfBCtFBdACrBDnAAdB@|BEnC?n@BxCAjEDtDIbA@xFEbCDtDClACXBHJ@HA~CDjFEpPH`FE`CAdCH`[AxEBlBAJB\@~E?fDClCDfBPhBAbABl@FNDDHBVBdA?|DGhC@jCGhH@^DNJDR?hBE~@BrAGL[HEB
10571609407,syhcFl}}fVFAZGd@?^EVG^U\c@hAuBFY?SQ[qBmByAqAo@cAKIS@QF[Ta@RiAb@s@ZWR_CbA_@NI@`AaCf@uAx@yA`@{@BUGIGAQJ[`@_CxDyApCcBnD]bAy@vBoAvCaA~C[v@m@vBaBnDmAxCyAhEgDzIILc@tAu@bB}ChG}AjDiCfFcAdCq@vBMl@Kx@QvCSrJG`GGrKDlCHvBJtAXxBhA~G`@pBp@|B`@jAf@bAfAhBJ`@EV_AlAc@t@a@x@Wn@WbAc@nCi@fC_@|AYn@GFIBIAcAYcB_@y@Io@CgA?sADcAH{@Lq@Na@NiCrAyB`A_B~@uAd@aGbCg@Z{A\gD`A}Ev@aDl@[NODmDf@m@Do@E{@Ky@Uk@S_@Qi@]yCoCe@_@k@[wB_Am@SmAYkASaAKy@CsABoAHyAPw@P_ATkBp@SFS?GEKWMk@MwAA]@UDGPIbBUPEDQCq@Iq@AIEA
10571609276,_ywbFfgmgVT?FCDSBmBGwC]_@YA_FFUBSHIVC\?xGCpICLMTI@SEkBqAqFuEqCwBgA_AaBmAg@e@uFmEoCqB_CkBsBwAg@e@eBsAiBsAmFkEe@c@MWCMA_@FiFCiCAcMCmBDeFGeKD}I?kIG{K@WLi@?YCo@Gm@g@_CIk@Em@@}NEaEBeMKuMF{C?iDGsDEoAWeBYoAk@}A_@q@sHuKsJyMo@eAyAyC_A}AsEkG[[gAy@c@i@kCaE{PwVk@}@eBeCaNiUqG}JwEwH}CmEaMgS}CwEwAcCe@eAk@aBq@aB{@oCu@aB}AeEyAqCyAqDY_AIi@i@_BcA_CwBkFyAeEcFsMqD{Ju@uBuBoFSq@kDeJ_AqBc@sAKSOQIEKAkANqETiCVoBL}@JsEVuCZmS|AiALuDr@cDv@mDdAcIpBoCx@gBn@aCj@oDdAoCr@_Dp@qAZw@JqCRiCBeBEkJs@oB?gAHw@Pu@T_@N[R}Ap@i@ZiBvA}D`CeDfBSJSBIAGGu@sAgC_EeB_CiBkC{BkDYi@qC{DgAeBkAeBqB{C_BuBgAkA_@i@IUWQM@mA~@aAf@{Ab@{ARkDJeGVkBD{BJSC}BHcCDiCNwCDgDN{@AcAKu@OeBe@}@OaCIkHg@MHe@fAa@r@W\QPUJa@JeCPk@HWLGN?PFH
10566199728,qmzbFd}_gVBb@NTXFT?\LRBpBOjACd@CfA@rCKPEFEJSDk@B}ABIBCjES`EMpABPFFHJd@TlGDzBHvB?rDLtAEbEH~C@bAFhBFdGA`ARzEDfFVhI?p@K`@@f@Ch@GZO`@}BdD_HrIoBjCwF`HsM|PwAdBu@fAsChDu@`Ac@r@mBbCiBxByD`F_DpEI\@TFRV\pA|@f@j@`DjEfAfB|@jBdAjBdAvAlAnBtAfBfA`BzAlBbEhGfBvBx@~Af@dBP`AFp@@~AJnCBtHDpB?|BEdI@`EEzB@bGEjK?zBBf@Fn@d@lBHn@Br@Lh@LJTBzCGpG@`BGd@BzCC`KDxBCL@FHDzADzD?fGCdKHnFGtFDzA?|GAv@I\DtA@pDDfCAxFBdDApDFrEEzCF`CNzA@zBDNDD\DpEG`CBtCGp@?ZBhAEr@B|CET@NJHR@J@dDBvACJGDg@@GC
10565419501,kfjbF~vffVCJMX}@nAOf@g@|C_@bBc@|Ay@bBi@`@uAh@m@^qApAe@\g@Xq@z@]Vs@`@}@^eBdAqAh@SLs@~@MXCP@XHXP^d@b@~@j@^Nl@Jb@B`DFb@HTJ`Az@p@d@f@b@NTLb@XlCV~AHdA@h@E|@_@jDEtAKf@k@nAgBhE}@lB_BtCqAnB_B~CU^SL_@HiALmABYDmBfAcA`@SLq@l@W^UbASfBMVKHG?CCISQmAEw@[fBi@`Bc@p@MLMHSD{@CSEOIOOMUiAeC_@k@[UiA_@i@O_@A{AZ}AJ_BRa@Ak@M_@SgA{AWUSGSB]PWVkBtC{DpEm@|@a@|@Wv@w@|Cu@pDY|@Q^_BxB]Z]TUFU@eBMkBBc@CwASg@@SFQJ_BvASJgA\wAdA]Rm@LeDZgAHo@?WCw@Oa@CuBJWCy@Qc@G_@D[LUDyBESBSLs@v@a@f@Wb@i@jA_@n@uCpDgAdBSl@EZEpAEZK^Wj@_AhA_@l@]r@g@nAc@v@qApDkAxDWnBSbDGxAGlDItB@dAJtC\vCVrADh@UpGIr@Sl@[j@Y^sBhBOHsDfAmAPyAh@iBh@QJ]T[Hk@Ck@KuAc@_Bu@GQA[B]No@Ak@]TELCTKrDKjBMlEKjGIdACHEDUBcEWkAASBGDMNCZEvAK~CETCFGBm@?kDU_A?k@D]J_BhA[P_AZk@`@E@E?SUcAqAS_@cBgDq@{A]_Ae@eBo@}Ee@wBk@mBWq@[m@{BwDaJkNgBaDyCiGgB}Cg@q@mDcEiGiImAiBcBsCa@g@O]Ss@S]GAQJc@h@cEhGaEtGmFhHaBtBw@r@_CfBoFjEaBhAgCpBGRoBtAiNzKiApAeBxBwBhCoKfN_@b@_EzDgDvC{IpI_GnFe@\I@GAc@u@yBqEoCqFiB{DgG_Mm@sAEU?ITgAHgAAeAImAyAuJk@wCW_Ci@sCm@gEW}BEQICg@Pg@?s@RiEdA}Bx@{B~@yBtAuBlBWV[h@EP?N
10565419700,kivbFzftfVCBMr@AJBJlC`FLLF@F@NEn@_@X]Zq@^oAD[@YIg@WaACU@IN]h@s@P_@Lw@DkAf@{AV}@LSlAsAdBcBhAs@r@[rBi@j@G\@ZNPFbB@f@DZFdAb@rARp@@`@GHENQHUHm@`@m@\s@NMp@_@v@q@z@gAz@{@h@s@^y@Py@@_@G{A?k@BYRmADy@DUJSb@e@RQn@_@TWRWVe@nAsCNg@FYLaA@YSoA?]Z_CB[AYQ}@Cc@DUHS\_@JQFWBYC[EMOW]g@IQAYH]nAmDp@cBt@_CBQAUOkADWV_@r@s@F?DLFh@FNBBJANOTe@Ja@b@}Cr@qBZs@p@}@h@gANSf@a@t@s@VOF?NBh@h@RH\BREh@WxAk@bBy@tAmAf@Yd@KlADb@CvCoA~Bu@jB{@dASdA]bB_@FKPe@CGCA[BDIXUf@GNGLOf@}@LKt@[t@W^WtA{A~@}AHWB]AmAJeA@uAFgACkADg@j@wAx@uAf@sAZm@d@oBPWZWZEZB|DzAbDl@JFXh@p@v@NLJD|@JrAl@~Ab@`@DT@^Gr@a@j@SdAQzAk@l@Iz@[xAW^M\Uv@w@bAs@dAoAACN_@HgABkBJwA@y@Eu@[}A_@yCGuCHgCRkB@}CJyC^uCXgArAgEb@iAh@eA\}@n@sAfA{A`@y@Ru@NqBLg@Rg@Ta@h@s@bCwCVa@nAkC`@g@`@a@ZU`@O^AbBBNC\ONCZ@\Dr@RTBnBI`@Bl@Jb@D^?fAMfAGpBW^K|BwAxAi@bBuA`@SVCV?hBVb@AlAG|AJn@E^M\WhAsAd@o@Ra@Ng@RuA~@cENi@`AmCfDgEz@_AzAcCn@q@VM`@ENDNLn@~@^b@\P`@Fp@?hBWfBIfAST?x@Rt@Zf@\V^dA|BNTNRRJTF^BVA^IRQFIhAuCNo@Dg@BKDNTdCFNJ?NMJWXsCJ[R_@`Aq@t@Mn@YZS`@a@PKPEr@@z@I`ASTIPMNUfBcDlAeBxAmCn@qAvAmD~@mBNk@NkBPu@Lw@F}@?i@IeAIyAUwCYwAMWQU_AeAiAiAQMSKa@E}ADy@Do@?c@C_@McAy@OSMUMa@EU?UDWHWR_@NSXY~Aq@dBeAhAc@h@WPQl@y@fAq@vC{BhAe@^Yx@oARi@`@_Bp@cEPy@HYTa@p@eAr@sA@EINQPSZ
10565419779,yurbFfhzfVy@f@y@XSLMP?L^z@`AxA?HO\CDGEKMy@sAs@{@?CQWWWq@e@gAg@a@UiA{@_DuBcCqBaB_BqCsDaBiCe@y@w@aB{AeC_BuCoBcDsBoDuOwWUq@{@iBQg@Mw@GkAA}@F_A~@iHPeBViBHy@FyAEkCI_AM{@q@qCk@qA{CuFwBeEmAsBy@_Bw@mAcAmB}D{F_@q@sAuBiB}CaB}CoBeDs@gAaBwCy@aBgAoBWm@AGBITUD[
10554168938,grqbFzwggVESU@QFWRcAdA_@JaBJyDCkA@{@CSOEOImD?eAGaAQ]eAcAMUY{@U[QI]GaDKy@@mBA_EJi@Di@Ja@NMNIb@KbCDlHC`ECt@CFEDS@_BE{BBeADmCEaCHuA?gBFkDAyA@yAAsE@_AAIDCNBbBCdE?pZIfFAfIDpEDdICjI@fFF|HRrILnCJlFBtCDpCNxC?`BCTEDe@FoDH}BAsSDgBD{CCyAQg@Ek@?WAgB@eACqKB}LLoCAmFBg@GMKCIA[BuBCiBDy@CMS?S@IBIFUGQAaB@}BCQDaA?gCGeA@wF@@Db@En@?pGF|BHVBRHFFFV@tEDbADJD@v@FRBFDHPPnDATELg@BgH?mB@]DOJEHCb@@xBDLRJDNB`HFHr@B
10553834815,qywbFpgmgVd@AFCDIBmAHs@?gC@SHMHERCnGE\EFEHS@i@IgCKkAAcAGg@Ke@MO}@KOMCIEi@AmFCSGOGGI?p@CjA@rAKXBj@RNKRGT?@EIo@Cy@MeICqFBoFA}DEsB?iPB_FEyFDaD@mHDg@HSHGFCTC`A@rCEhH?pBDhFItA@fCN~AEtB?NCxAKlAC~C?lDGrGAhEElKFz@EvG@zEIfFBxDAv@CbADpB@rFOvA@~@B~@EbADpACpDD|CKzBAJBz@Gv@@z@C|CFzB@xCOpAAXDLELMHY@_@CsAA}D@}@Fe@Ha@Pa@x@eA\k@Ne@J{@F_GA}DFs@T}AFs@AoAEYGM[]cBoAa@e@IWAY@wCCcF@MJI~@MvAIPIDK@a@Fk@Rq@?QOKm@OYCy@AqAg@q@_@m@m@k@]cDaB_C_Ae@EcBLGAMES_@QaAA]JoAEg@Mc@i@y@cAgAqBgB}CyBsBmBcAk@i@OSEc@@s@FcCf@iBj@g@J_@Bo@Ay@Mi@K[S[Ys@}@k@cAWo@Ma@[yBEwAGq@Am@@yACi@UmAG{@GUWe@k@m@KM}@aB}@yBBN^nA`@`A`@t@nAfBJTLb@T|ABnBPpDTzCNz@P`@LRlA~A\`@ZR`@Lv@FbA?v@KlAYnA_@vAQb@E`@?^F\JRJzAjArBlArBtAxBdB|AtAR`@Xx@Bb@E`A@j@Vz@HPJJLBf@Cb@?T@PBz@\rAr@lAf@vAt@f@Zj@d@XNzBt@`AB^L`@VBLUnACj@GHUFiA@g@D[JYRIJGb@?`EFfEH\LP`Ar@hA`AXLXb@PN
10547114045,q`zbF`_`gVFDh@LjAJ\?\IJSJq@CyBFOJEx@GnKQRBHDLNBJLnANzE?nBDnABrCH`C?t@ElB?pARrJDdF?dDJhFDl@?l@NhH@`DMbAMf@S^yBbC[f@cK`Ni@l@oArAm@z@uA`Ba@p@_IvJ}@zAuB`CaAxAcCvCINEXgAhAqEjFm@~@mEbGg@`Au@dAEH?TFPTVrAbAr@n@nD|E|@xAnAjCh@|@zDlFxB~Cn@v@bB`CZf@b@f@jBlC|AbCd@`ARl@d@vCBh@?pAHhB@bFGxGD`BCtABhAA~B@lABXEnA@pGAtQ@|AHjAFRVb@L`@NbBPRPFhBF~H@|AIrED~BEfB@dFCx@BFBDH@REzDDlHAxLApAHjc@C|IBvCAh@?zBFfEBrHBXPvAJpBDDFD`@DpDEh@EdCChC@fEGlCFZDLJD\@vCEr@?l@CLEDg@C
10547113988,ghcdFlnmiV@Bc@Xi@t@YVkAv@mA|@]\e@\IBMCOHQPHRb@b@\l@d@|@Xv@k@v@s@r@EPl@c@v@s@t@[HG@E
10547114023,a~teFbc`jVKDvC}CbA{@FCB@PI\g@tC_D~C{Dh@m@lAy@n@YxAi@b@Uj@_@VWbCxC|@x@LNbAzAJZd@hAjAdAhAvA|@tAt@vAh@d@jAbB|@~@f@x@fAxAHN?HLTp@t@tAdBHN?VLd@ZBLM|AkCn@{Ah@_AZ]fAqBb@s@jCoCdB{Br@y@hA_ARMHCPBTRhDfEfBfC^`@x@`Bt@lA`EfF\`@XVH@FGbBqCpCoDJCB@V\~@DLJVD
10547113998,_tneFlwcjVADG@i@D}@CSCMQSyAYoH?gGMkEAmDQyCc@qKKiFEMOEsCLi@?k@Hm@BcCFy@J}CJ{A?_@ESAsDVSC[Ya@KUO}@eAkC}DqB}B{BuC}CiEsA{AwAuBwBgDcHgJuBiDa@g@g@y@i@q@}@cBq@aAg@_@kB}Bc@q@e@e@{AmCaB_CgByBOOWQo@y@Yg@q@uAi@w@c@}@]iAG]Eo@IOGE_@EuA@y@GmBKuT_AoBE}@?m@BkANgC`@g@Ts@`@iAz@u@x@qDpEu@r@g@\]PaC|@]RSNkBvByBlCeDfDa@j@wAlA]`@]XWNWBIDUZ
10392534560,g|wbFnhmgVBAHm@DkBCoDCKGEc@EaBBuFAsHDo@CSGIGIYCyG@uCIsEDuIEeGBuHEcJ@}AGqH@mHE_KBuEAy@BiFCeABm@AeAByECgB?_GEuCBiEEmB?aEDSPGfCCnCGjB@dACbC@v@AfDBbBAzABfAFRFJNF`@LxC\bEHdDJfB?bCQhCOvECrBAPKJOByA?uBHq@Cg@Gs@VSDiA@uAL]AmAMsAIkAAsAGgBDaBCm@GgACcFJ}AHcBF}G?mBDyE?kBFkAMa@KGGKYG{@YaBM}ACcHBiPGuE@wICiCIiCHaHAuDMyBMw@a@}Ay@cBs@mAsCsDg@oA}BqCcGmIy@_Aw@mAe@{@y@oBkAqByDkFc@e@oAaAOQIU@IDI|@_Al@cAz@cAbBcCxAcBjA}AfDcEvDcFvCqDxAqBp@{@fAiAp@cAjE{FlDgE|AwBr@iAr@y@j@k@j@w@hAuAlBkCjAuAbAuALWHUHmA?i@MwCG}GQeEOmOI{AIkEAMF{ALyA@uBAwBSeKEo@Ou@Q_ECOQUSGkAEm@Oa@QsA}@_@Oc@Iy@AcCZQJEHCXLhF?l@AXCDIDk@B]HILC`@ITMF[FCB
10377351062,ilncFvrcgVDd@P~@DNLFf@BNLH@fBKTCNGDGDi@?yA?IJKFCR@z@VFH@RUzB?r@FjAHTNPVHlBFz@JfB\lA\hAh@zAz@lA~@|AvAp@d@~@d@j@Pv@Nl@Fz@DfBMdAU~@Gt@ObBStDq@l@Oj@I~@UjDcANCJDDL@|@VnC^xIFlC\pHHxG`AbK|@vHlBnM|BdLj@tBh@dBP^LPPJRDV@xCShAGtEaA`G{ARIFF@DLr@V|@R\p@f@`DvC|@|@tE|DbB`Bp@f@PJTFd@An@O|Aw@J@HHPh@jB|EtAjCf@hAlAtDl@tATp@nAzEz@xBb@xANv@NrADvAGpBQzAYnAa@lAWn@sAfC}AlCwB~DGFEAIHwAhCk@xAcA`DMj@YbBOdAGz@?hAF|BLtAX~ARt@p@zAx@tAr@z@|@x@p@f@hBjA\ZtAtAj@dAj@|Ax@fDdBdGTjAj@zBdA~Cd@fAdAdDXr@\r@|@dCrAfDTJl@MLFBDL`AH`@nB`GV~@b@fAH^?n@FLJFLAvA}@tEcDjBoANCR@NC^ObAq@`@QlAWbBc@fJgDlFiBhAe@jE{AjA[pAMt@?`AHfH~@dFl@nBXJDNRFBRCVOJCx@DbA@hDG`@@zAPpE\|DH`@CfBYxAM|BAnACh@EfAOr@E^Bn@LfDVl@B`ACjHDbCY`ACdBHtALlAFbCE`F@nBH|@EhAQhBC|B@z@DhD?|BDdBEpB?hAInAAz@GhAH|BFnAG|@Od@ApB?dAJpAAz@DbDDzDGLGJM\u@`B}FNYfAeEj@gBt@eDJSLKHAPH~@z@h@T^HvAFdEAzDDvAEvA@vAEdDBdEE~G?lDCdCDr@Ch@DnAAb@Bp@ITDnA@pI?zEB`DGxK@vEAzCEh@MrAc@n@]zCmArBoA\Q~TwIr@OrAMzAS|A[ZOZWbDmEPOFCHAPF~@r@bE|D`Ar@fCvB|JnHtO`M`@VNFHLrAhAxCxBdBvAv@j@jFlEZT|At@~AfAF@b@BJOBK@_@CeDBULMPAl@?fEGlA@pEE~@BjA@vCEZBFBHN@VBnCChBCFGBa@@
10377350842,iywbFhgmgVJAX@FCBIC_GASq@]K?oB?iBBQ@ODKNId@AtD@rJEfAEXOLI@UEiH}FoEiDq@k@yB}AcEqD}B_BcCuBqCuBkBaBsFmEeHgFmDmCoAiAwFsEgIeGiAi@_@]e@GYVaDlE[\ULa@LeAVu@JgAJ{@LiAXaSxHcAd@qBlAy@VwAn@kC`Ai@LoI?cBDgAEoUByH?k@C{A@g@A_AD_A@kAAoHBsIAsEBcBA}@BsHB_CEkC?c@Aa@MUMy@q@]USGS@IDMPg@rAWv@}AjFu@zB_AzDa@rCCLIBmAAaFBy@?{@E_BAw@Iw@AyABo@H_BJiAGu@AoAIkAHyADsODgAEoACcAKe@?oABsCT}@Dg@@oFI{EAaAGeBS[A}@JcBHwMDwAIwAUc@CW@y@Pq@FcEFaE`@k@BkBC{BIwCSsD_@sCHwACKDCLOJK?MCW[ICuEq@wMcBg@C{@Dm@Fm@NaFdBeE~AsMtEw@TkCj@WH{@n@i@VUHm@H_@PgFtDaBpA_@^E@Mi@MWYa@]{@wAiF_@gA]qAc@eA]eAsAmD{AyDeCgHW_Aw@iD_BeGgAoDe@kBa@iAUc@oA{A_@YuCgBq@e@q@m@]_@{@}Ae@sAs@}COoAIiB?kARwBb@oBPg@`@_A`B_Dt@}AvB{DxC{FlAgCZaATcA\sCFUBw@CoBKyASsAa@yAwA_EUu@u@_BQe@Qm@Ik@kByFg@iAuAsDcB{Da@oA_DoIg@}Ag@_Cc@{CCk@QmAKoAeAiHi@mE_@qDGiB?{AJeBRcBlBgInA_FPg@zBgJdAqFRcBHiAB}@@{AA}@E{@WcBKoCKi@KOIEICUAW@gCZcDXiABsACoCYy@OeBa@cBq@}Bk@yAS{@Gc@AuCJy@F}@J{@VoDdBmBx@eAp@u@PoEpB}Al@qBn@iD~@gFdAyA^}AXk@?sCh@m@Fc@@c@Cy@Mm@Qu@Yu@a@eDsCgAu@i@[w@_@w@YmA_@gAS_CSuA?SCS@cBPmB^cAZgBv@QDGAGCIOSo@MeAG_ADSFERGjAMNGHK@UKm@Gu@
10377350831,ygybFfeagVBKDbD?bANhGBfBDv@BtBHdBBhBA~@BxBKt@M`@SZw@bAsAnBgEvF_BnBeBjBkA|AgApAoBrCcBlBu@`AwAzBq@p@cCxC{AnBw@jA}BhCoDbFaCpCeDjEs@v@w@bA]Z{@~AIVAXFXLTzBxBbB`CnA|An@fAz@lBnAxBdApAfBpCxDfFrBzCbFdHXf@Vl@f@~ANl@F`@T`GBdHN~BIzBA~B?tCElG@xKCjH@pED|@XbAVhAD^@`@HZJLNJZDtBAfEF`HE|AEfC@h@BVAh@B`@Cz@At@BpB?NBJLHhDClA@nD@r@C~ADlSCtB?bAFzI?hJ@rCCxJHdLEtDDhAPfB@`CBVHNPDt@EzAArCBv@CjABbACjB@tFGTBFBNLFRHtCE~Ba@DIF
10361290331,qywbFpgmgV@@\BJAHg@AeAFg@@c@?kBGUUIu@CqDAi@@QDKPCZ?x@EvC@tAAxFErACVKNQBSEyC_C{AoA_DaC}CgCoB{AgDsCqA{@uAqAcAu@o@k@sCsBu@e@GKWYiHmF_CoBcA}@IMC]CoBA_FCiCDwEAiHB{CC}B@{EE}H?mJDcBEaEB}HIeAc@sCIsAAcF@cBEeDDgDA}FC{@?aACgBBqGLmFOaCCcCBqA?_CK{Bm@iCe@sAS_@u@iAi@q@{CmEiAuAoKcOy@yAg@oAw@wA_FyGs@u@m@a@OOMSES?IFSVW^i@^c@b@u@nAuAl@aAbBoB^i@xAiBn@}@tDwE`CcDrAsArAeBlDyEn@s@\k@jBgCnBeCrAyAbDoEZe@l@s@jBeCr@w@hAaBtBkCp@iALc@DcAKyBGuDAkBEaA?cAS_HGgHBQB@@D
10361290320,irtbFd`ogVa@OK@CDYzDGFc@U_BgAgDiBeBw@mAg@uAe@aBg@cCm@}FcAeIm@gBKoDKoE@mAGoAKgC_@yBg@gHmCeBgAoA}@aAaAgJiHmAcAIK?OFg@I{BB{@MuAIuE@c@Bg@FOTE^@
10361065650,qywbFlgmgVXMNCDI@M@gACoBDw@Yc@qCEk@?wAFOFEFEVCfE@vA?`FDlBC`ADfADXHTVZl@\x@n@`Az@xDzCbA~@|AjAzBhB`DtBhCrAjCdAr@RnCj@|Dh@bBJrBCfBFdCB`DJxBTjBTPDx@HrBZ`Cb@lAZrDhArAb@dCbAhDfBnCbBB?HQLcABy@@uAB]FIJ?j@Z
10354535300,ickbFjtigVh@b@p@PNJXj@FVAJOBGD@]AIQUu@g@UME?gA_AwGaFeDmCeBsAk@]kAc@w@m@?@Y?y@d@c@DyE@{CC}NDmHJcBAWCa@Ii@SwC}Ai@UoFqAmAc@wFsCkD}BSIKAW@KFSRiBfCeBlCSLo@v@sBnC}AzBSPcJ{@mA?iBCo@@UBSJg@t@]X_@La@B]DKHOVIB}@Ym@Mm@I}AEaHBqFAgDFOCqACmKHgBA}HB{AFyBGoCAoTBsEDkDToA@QA]DSHGFEJEZAl@FdMCrN@nBAdBBhFA`O@vABj@IpMILG@mC[mCQq@?a@JaC~@yF`Cg@Zq@d@_DrCaAt@wAn@aA\cATSJI\IFKNATFxDH`NAj@ELc@DeEB}BAqEF{AEOCOIGQEwBOwAEm@G_LCi@EMEE]AqNFa@CcAOaACa@EaDFaD@mH?}EEyJF_CDu@AYEOIKMAKDyDC{BKC]@SNIMSCaC@eBCRHFNCx@?hCDnBDHJFn@FRHDHFVXlFBbBCp@EPOJcGDi@D[HGDCH@hBGlBAdACDSBUA
10354155254,eywbFngmgVL@NGHU@{@RWNDZ@xFOTCHELOFUFy@DcC?_DK}CEo@G[OQGE{@KKEMUGg@@qFESOSCGjCHvA@^BFAPS\A@G@g@IuDIyBIyDCiG@mEA}C?{GBkDI_LAwIBcGH_C?gAH}DGeKB}EG}P@mEGgH@qFDgAJg@FEJCfHCnBCxIAlCC\CNELMDKBo@@qIBkBCwCAyG@kBH}AH{@f@oBMGW?Pw@Zk@Dg@@m@CwDBiSGkFB}NAmDFeTB}BIgBAeAHiC@cDFYFEHAbJ?VBTDtAr@JBJAHODk@@wG@}ABK@@J?~@ER@R`@bB~@n@j@b@XLPXj@VVRL`@HhBDz@NRHRZh@~Aj@pA`@fALVNRr@p@z@~@RJh@P^TnA~@`Az@v@j@PPLTHVRrAd@~BNjATn@LzAHj@JZFBjAOL@DBnAfB~@zBz@`BTp@J`@BVOxCAxBJnBPzANh@^bAZl@r@jAnBhE^h@v@x@Td@Jf@ZdC?zBHrA@hAHbANlALj@LZn@fAf@p@f@h@b@TbARz@Dd@C|@Of@OfAc@rAWr@G`@@VBd@L^PdHtEfFjEX^Xn@Jl@?\I`A@VZdAHRJJF@h@Ex@CR@VFfCjA`D`BZRb@b@\R`Cz@NB\EN@^FZJjBbAhAz@l@r@lA`BrDrFj@r@^p@vAzBnFvHdDrDjB|AdAt@`Ad@r@b@`Ad@nBp@fAXz@LlB`@r@FnADfEdAnFfA~Dl@rAHhC|@v@d@HERa@POZDp@NDBE`@aAx@@HBFPH~@NhAHh@B~@ArEX~FVb@Bz@Ax@Bl@HdAPt@N`@LxLhF|@f@d@`@n@z@t@~A|DbL^v@RRJAf@]h@IPGJQRi@V_@FQ?IGSq@mAIUEU?OFIDALDVRjAbAfD`DZPV@TEvBeA\IJ?RDtBfA^Jf@Dh@Af@Gb@MRMNWFOHu@x@gBxAyDtAaDFMFGbCnBtAlAnAv@h@d@LJJR@NGH
10346184871,{kncFbscgVB`@LZBb@JRFDl@Hv@Ar@Ib@KFEJw@AuADOFER?t@RNLDTAZOfAAdABjAHd@JNFDRDx@AlBLtAVpA\zAl@rAv@|@p@|AxA`Ar@\Pt@Zr@PjAPt@Dt@A~B]z@Gz@ShAKbC_@tBg@B?D@f@KvF_BtEkB|@a@|A}@nBaAnBmAtBgAz@[p@Q\EbCMjA?`A?~@Hv@Lr@PdEtA|@TrB\hAJ`DHlAAhBMzC[RDLNFVRlCH`DC|BSnCWfBS`A{BrHm@zB_B|GcBnG]bBWpBGzA@~AJlCRpCZpCRpANlA`@jCVz@Jn@TvBl@hCh@jCh@vAp@dCh@~BlAtDlArCtAnDr@vAhAlCh@~ABN?Hj@nAd@z@Pb@n@~BXz@HPb@j@Th@Rn@Hb@\pCFt@?ZMpDGr@QhAk@nB_@x@eArBg@z@kAbB}@~AeBvEsBzDc@dAYx@i@vCO|AAf@@pAJ|BNrATv@\`At@zA`@t@bAlA^^zCvB|ApAj@n@b@t@j@~Ab@~AhAxDPn@Jv@Rl@zAzFfCvG~AtFnAhCn@bBVNd@OHBNv@`BnETfAPfAb@jAb@|AHTF?PItFwDtB}Ad@Uh@CPGZQhAu@\KpCk@nBm@xDyAzIwCfG}BdAYfAMr@A~@HhH`AjFl@rB\JFPTFDPGROPCdABzA?zBIT@`BXn@FjCLrEJh@ArEe@`DG`AGfAMt@C\Bn@NnAJbAFhCDxDAnBDl@E~Ba@TAR@n@JnALpAJj@@tCIlE?zBJv@CfASvAE\@t@F~@?t@DpACnI@hAB`BG~@?nAI`ADpBDn@Gx@Eb@IVA~@DnA?v@H~BBpDAz@@vBA\SPYN_@j@uBv@gCVa@pAiF`@oAl@iCN]LKF?NF|@t@j@\f@Jz@BdBCfHD~ACnB?jABlAC|EAl@ErEDvFEjCDdA?bABv@EpD?hAIrABtDBxKI`G@`DCbHA\Ad@M`E{A`@ErAs@z@m@`@UtBy@n@SbDqA`@UjA_@jFuB|Ac@`BQvASrBo@ZQb@e@nA}A|@wAJIJERFbAx@`C`BvLrJj@`@`CjBx@t@hKdIjBdBz@l@X^`@`@JP\L|Az@`DlC~@|@hAt@j@t@d@\Z`@r@\v@h@XT`@h@VTRJ\\LFLCJDLNZVD@
10346184920,uwxbF|`mgVJCBGD_@A[CCKEYDSHQNe@p@IDKCU[YWiBuA{CoB}DeDcBsAMWKIyFiEqBcBeCeBQW}A_AgFkEyJ{HkBqAeBaAmA{@_@Ea@b@cCpDYZ]R_@La@HqAT{BXyAXoTpI}BpAaDrAkC`Ak@LcEA_CDcD@uY@wEAqCE_ABaBBcQ@kBBoACmIFa@CyADmC@uDIoB@_@EUG]SoAcAi@G[TMRqBrGcAtDk@dB[nAKh@_@lCELGBoDCqDDoAGkAAiAKmBA_@@i@JuAJiEQmAJqBDkD@oBC{FBcAG}@AiAKcBBu@JwBLsBDaEKqBAeABcAAsCY]Ag@BsALmBJsCAw@CgEDu@Ay@KmAUi@CWBk@Lg@DkAFyA?m@@{@HeC\i@@}BEsCOaCO{C_@W@g@Fu@BqBCIBED@FOHS?SKSWKC}AQmHeA}Ek@kAMw@?w@F_ATsX|J_D~@iB^]LgAt@]PUF_@DUFyGxEkA~@UVC?]_Aa@g@]y@o@gCg@}Bc@wA_AeCeAaCmByEuCyImA}E_EaOSq@c@gASa@_@g@w@{@iAq@oBqAo@g@c@a@y@eAq@qAk@}A_@}AYoBIkBJmBZwBXiAb@eAbB}CjAcCh@_A~EmJx@cBj@}AZiAHg@T}BD}@EcCIcAQ{A[sAe@mA_@uAwBaFQk@Fa@EOeBaEiAuCe@{AiAsCa@oAg@aAU}@gAmCmBsF_@kAUmAi@wDUeCkB{MUkBWsCEwABWAwAFmAJs@\eBrAiFxAkGxCqLf@cCb@_DNmBB_CGgFKeCFWIaAGWCESDwBr@gGn@oBBaBKeC_@{A_@q@So@[oBg@qB_@k@EkAEcBFkAHeBRi@PuDjBsAh@sAv@i@JYJ{B`AuBbAmAb@QDkAd@mD`A{AXeCb@mAXcBZ{@HsB`@}@H]@k@Cu@Kk@Ok@QcAm@aDoCeBeAoB_AgA[uBa@}@IkAEwAAqAJyCl@sAb@eAb@QDGAGEKQUeAOiAA_@FQLIfAQVIJIDMAGEg@G{@@G
10346184827,mlncFtqcgVFp@L\Hj@DNTNl@LhAIp@MNIL_@@MCkA@MBCJCL@jAVBAFL@PSlBEjCDTJPHDTD`B?hAHbBXpA`@tAn@xA|@h@b@xBtB~@l@p@Xz@T|@Nr@Dn@?p@GlAOlCe@tEk@bDo@jEiAlCaA|CoA`B_An@YlEgCfCoAdA]fAQxBM|@Ab@@vAJ|@PjAXtC~@lBh@fARzBV~AF`BEdAEpCYn@CV@NJDHDZTfDFjB?zACx@QxBQnA]hBcD~KeBlHwAtFc@nBQdBIpAA~@?bBNtC`AtIp@zE^jBTpBp@dDx@lDzA|Ez@|Cv@bCd@nAv@bBp@jBlBxDvAbEz@rBpAdFj@hA\|@XpAXrBFz@BlAGjBKjA_@bB[`Ae@fA_AdBgAbBeAnB_@n@Yp@U~@a@hAMVu@hAs@pAu@~AWz@YpASzAOZANB|CNtCNd@Jn@Vv@z@lBhAlBVXx@r@lCdB`Av@dAfARZVh@\x@Tt@xBpI^~AT~AZbA~@~BhA|Cr@xBr@|A|@lCjA|CNTNFPEVIH@LrAb@dAjA|Bv@xCXx@N~@HRJFL?jC}ArF_EVI`@GVGlBeA~A]`Co@nE_BtMuE~D{Ap@OrAOp@@jBRfQ~BPFPTJFPEZSLAxADjCCdBHvACxDf@rAFrBB`@ApC_@|@ExBCjAEh@EfAQd@Ed@BdCb@ZDfC?tBC~A@jADbAChD[T@dAN|@DdBDlIAvBJ|AKdAQb@Cz@@`AFtAAx@BdACpCFtF@dEMhAGV?~@LnABnBM`AMt@Cx@BjANT@lAAlBDfGA`@AF@LM^y@r@iCZ}@Pq@^eAb@mBtA_FXmAPe@JKDANDlA~@j@XVD`BDtD@fBCjB@dACnCApIB`ABdDGjHAzED|AChDBxDKrJD|HCdA?f@BvCCfECtB@p@ATEx@W`DwAvAi@|BsAl@QbDsAnAa@~CsAhFqBnA[fCWx@MdBi@RMPOtAqBdAyANOREPBRLjA`AjBvAnEtDx@j@bA|@rDhCjElDjCzBtB~Az@t@`At@nAdAbDbCdAn@vAfAvAtA~BfBbA`ApA|@zA|@zAnAl@VPBPCLOBKB]CoA?yADWLKTCvB?z@CbDAl@C|FAdBGbABT@RFJNBTAt@B`BC`ABd@CJED[@KH
10339939509,yjjcFt|bgVOXIJWAOJqB~CWj@k@fB}@tEGt@Ql@S`AGl@}DcAoAS_@EkAC{BF{@FwAR]J_@LaDdBuB|@aAj@eAXyEtB}Al@e@Lo@VaDx@yBd@{B`@sA\{AVi@?QBqCj@_AB_AG_AOq@Uo@[e@YeC}Bu@k@m@_@m@]oAg@wAc@gASyBSqC?wC\{@P{@To@VeAh@UBEAIO[yAIoA@YDMDEhB_@PM@MKwA@Y
10339939527,sywbFpgmgVp@QFO@u@H{AAsBEWIIQEqBC{ABoA?KDMPEb@BbHAdIGb@KPQBSGcBuAsAcAaBuAwEoDi@i@gH{Fa@a@w@e@aCoBw@i@aFwDSU[WyDsCmDwCiIkGwBgBsDqCy@w@o@c@eDmCcAk@sCwB]@[Ne@v@uAlBo@v@a@^_@LiB\k@Fm@D}AT]HuJtDqAj@iG`CcGlD{@VeBr@UD{B?aAOyDCsA@g@BuBByM@gDDeFAeFIeCFmKEyIBoIAcA@gDCyCDcEAi@E_@K[QkA_ASKS?IBONs@lB_@hAqAzEGFw@hCu@vC_@tCGNE@i@A_CAkDBaAG}A?y@IaBAiA@e@HyAJ_AGeAA}@GmAHcA?c@BcABaNA_AEgAC}@KuAAa@@q@Jw@B}@JqL?sACaACgBQq@CsDVsK@yAGcCSe@Ca@Bg@HeBJmCBsBPgBVQ?yDIsE[uBU_AG{AHgCCMDEJILSASG]_@UEaR{B_AI}@AgAL}@T}UxIsC|@wBj@{AZiBdASFs@HyEhDcClBc@b@EEAc@Ia@GOUSKOiA}DkBeIc@cA}@aB_ByCk@wAiA_Ds@{BgB}Go@oAQa@i@sB
10335548638,glncFvrcgVDb@NVFp@FLJF\?ZJj@Kl@Cd@GLGNaACkABIDCZAx@RHN@XO|B?bBD^HNNNTFtA?tAL|AZpA^t@\t@^hAr@v@p@nBhBhAp@j@Tl@NdANz@Db@?VCfC_@tFs@jFcAvCs@rC_ApEiB|BqA~BkAj@e@RMxCuAlAa@bAOnDOrABx@Fz@Nx@PrDnAbAXhBZhBPzAH~BE|AK`D[RBNLFXFj@HlBFpB@bCM~B[~BYvAaD`LsAxFoBvH_@nBSpBGx@Cz@@vBJbCR`CrApJl@dD`@`Dz@pEV`Af@zA|AtFhAhDnC`HxBdEzA~Et@fBVp@r@rCzAvDVdARrAHdABxACjAOfB[~A[`Ag@fAmA|B}CrFwA|CaCpEc@hAe@|AMh@UdBMfBAl@BfBFvANrA`@zAb@dA`A`Bz@dA`@`@n@h@fCbBbA|@n@r@d@z@j@zAbBjG~BlJ|CvIj@jAxApEpA`DJPLFN?^MLBBDNnAJb@fA|Cr@`Ch@rAJ`@Hp@FLJFL?b@]pBsAlFyDRG`@CTIlBiAzBe@bBe@`ZmKv@UbAMx@?x@HnBRdGz@tEj@dAPTVJFTGTQLCbBFvCE|@D~Gj@bADnB@^B`@CpASzAOj@ChBA~@Ex@GfAOf@CV@dATrBJdGBzBB`BEzAOv@EX@z@HxBHnNFnBIhAMd@AfA@|@LhA?p@D|JGnC@bAEp@ArAM^Bf@HdA@p@FxAKz@M|@AxABrAHhA@fADlH?TALCPM`@y@d@gBtAqEh@uB`AgDl@iCJUNMFAPBvAbAh@P^D~CBxHAxAG|@A|CDzC@~@CnJAdEC~BDhBJpAEzCC`AEpC?nBBzA?`ACnA@xEEhCAz@Fv@CzAB`AErFBl@C`AQdBu@dAa@z@UdBy@t@i@f@W~@]jBy@xAe@fAg@xCiArD_Bv@SxBS~@M|Bs@\Sb@a@x@cArAoBLKFCH@PHv@n@|AbApAhA`CdBtAfAh@\r@n@~@p@tBbB~@r@rEvDpFbEzAnAxB`BbA~@pDjCvBfBbBnAzAvA|BfBdAb@PLfA~@LDN?NEHMBg@GaC@g@BUDGNIpDInCCnCEfBB~AAh@AdA?nAHNFHLBHAvBDfAAbAEP_@DEF
10335176599,kywbFxgmgVZIDGBM@cAFu@EuBCe@m@U}FHMFM\CX?zKDpAGd@ElACXEJIDIBUGg@c@iDcC}@w@_CaBeB{Ai@Wy@q@oBqAaBsAeAeASQiAo@w@s@i@_@gAcAgD}BQMQUG]yDaDiBwAkDmCc@YkAaAgAu@_CkB}C_CeCsB_Ao@qCyB_EcCi@e@IEQB[ReDjE[ZSL_@Ny@T}@JwBRy@Nw@^mEzAoKfE}@ZaB`Ay@\ADYPgFnBo@JaE@oBEmFDgFCoF?_AAcMBoBAkKHsKAyABwCAgCDuEAkABsE@qBEgBAe@EWGUOw@u@OO@CUIODQLUb@a@dAkArDm@hC_AxCa@`BKj@SrBGPKDaACqG@iAEcB?w@G{C?aCRwBCwAIgAHcCJqFCiA@uAAwA@uAIcAAq@MYAcBDwD^{AB_CGgFAkBCiCWg@CwALsBJoB@}@AwB@}BBw@E{B[m@Ee@Bu@No@Hy@Bs@CuAFiEd@oDGeCKq@Iq@CaCU}AGwA@kBAIBCF[HKCa@YWK_AQoC_@qMuAsA?c@DuBh@_DzAmP`GkDbAcDr@{@j@i@XWHk@HSH_EnCwCbCYZG@GQKm@IOUSO_@q@aCi@gB{AaEQ{@mAsCgGePcA}De@uBk@{B_@gBeBeG_@y@CAI[IO[c@}@cAUS}AeAgAo@u@g@y@y@e@q@k@kAs@wBYsA]gCC]A}@JiBVcBVaAn@}A~BkE|@{A`@aAtAgCbCeFn@gAZq@d@}AReAX_CBq@GuCIiAYsBk@yBkAmDeBqDEOAs@}DgK_@oAy@sBqAwCa@qAa@aAq@_B_AiBu@gCKi@UkBKyACSDa@Mm@m@gFi@cDOsASiAo@aFGeC?m@JsB\mCn@yCbAmD~@cEnA}EtBoJTsANwAJqC?kBQuBOoEAUGOMOGEKCW?uARkCT{BViAB{@CkBUwAUoA]kBm@eBi@oB[iAKq@?kBBoALo@HeAV{@\_Ah@qB~@o@VuAt@_@Hk@R}@h@aBr@c@TiBn@y@P_AZcEbAeDn@mAZaBToDl@iBLkAEc@GaBo@s@c@mCeCgDsBa@QcA]eAUqASaAGqCEwALiB\iAXw@ViAn@Q@GAKQa@kBGk@Cm@BILK|ASLEFIBKIo@EgA
10330174389,yrtbFr_ogVMGOAK@GH@jAEt@Kx@CFC?oCgBsCyAgAi@iC_AgEsA_ASi@Is@SwDo@uGm@qCOeBEkB?aACu@@uACeDWmB[}Bk@MEWOqBo@wAm@]I_B_A_BkA_Ay@wDyCgA_AeBqAeA}@SSCG?KHMHIJ?ZLHAFKDUDmBF{@@MNYBOAiAEu@?o@E{@@o@Ae@EKGCY?ID
10324538983,upfcFr}ahVj@j@RCHMj@aCVq@Xe@bAwDd@kATu@\qA`@qAhB{HdA{CR{@RuAL[V@HD?B?CJAbBEpAKl@Mp@Bt@QlDGvAQnAGnBSp@?hAFpAAzAFXAbB[R?j@HVARGFGI?a@DEEb@KvCQhAOxBG`AGnAHhADb@Jh@DfAR`@NbAh@b@Pn@Nl@PhBZb@?p@ExA]r@GlA@nAFnBK~@O`@K^Sn@k@\O`@Cv@N`@@tBSlAGtA_@~Am@h@W\Uh@k@\U|Bw@bAi@x@YRIfFqDX]DSGc@[w@MEOBkAj@@BH?VIv@c@DGr@}BVqAj@yAtAuEt@gBTq@NWHGL?fCnAd@JdAPV@b@Cj@Oh@SZUV[xBqDn@aAvBuDRa@VgA|@kHl@qDdAiI`@kDPiAVeCd@qBl@_ATs@Nw@`@{CDi@@o@@SJQPKfAOnCM`DGxDFfAEzA@hAGjDJx@HvDf@`@B~C?`BFxC@fDC|AD\A\FP?z@?v@CpC@zCCl@BhDGb@Ct@SfBq@l@Q`@Ix@CjGCjCBdBAv@CxA?bGBl@AjIFxBGdFFtCAh@CvA@ZGJEJOFg@CkH@sDCaD?cCEoD@_GBwA@wF@e@BUJOPG`HElFM`D@~ABfCG`IB~@BhACxKDjBCpFRdB?dBCdCB~DE~C@v@B`ACxFDx@A`AEhE@nAEzC@~@ChBBdAD`CGnABpAAtF?nBAdACtC@dBAbACbABbAAzACbE?fAAdCBjHGhAE`@@r@H`J@rFErBDvACdB?tBO`AMb@@ZOFEJSFYJaA@c@@}HCmEBqJGiLDsCDWDKPMTClAIz@?LCLIFINm@PInBIpBCnAD|E@lACdE@tBEx@Qd@A\ENKJW@]I}@Ck@D}CFeACu@HsJ?uEHaF@_MB}@@eBPiI?}BFeBVgNNqODeKNoG?sALiI@iGPaKZaNVeEN}Cd@yG~@iQLk@FmCPuDTeDD]RwEXkENqAFMX]JSUc@WUwMaP}AeB{AoBmByBaAiA_A{@aGmHmByBy@eA}AgBkEkFoBsBg@c@eBeBqH}FM[AWDkDBKLCLBVNF@?B
10324095415,}qccF~lygVHMN_@VsAp@qBFe@HQDAJ@PHRCJ?`@Ld@Hn@Pz@NhAb@lAXXLHH@TIp@[vBS|@m@~Gm@|DMfBg@lCUfBsBhQ[tBe@~DoArJCT@`BRpBBjAAxBOjA?PUv@OnAw@vBSt@UvA_@|Ce@zCEl@CpASrB_@~C[tB[rCKh@k@|BQx@Cd@AnBEj@e@jEaBfMAv@_AzHYdBc@|A_@dAStAg@pBc@rDCz@Fh@Nf@JVZ`@f@ZpCz@v@P^LF??CIE_Ew@k@U]WMSSa@Sq@E[Cs@HsAAYMIc@Iy@YIQ?k@COCEEAMBGDIRCVAl@F~@Cf@GXM`@MNMHM?GEMS}@uBI[C[Aw@Bg@`@eCXkAHILCzARtBb@rBh@pJzBnATnCv@lCl@pB`@p@TD?GQQI_@M{@M[?GDMTGZw@fGGz@Al@NrAFfA?ZGh@Mf@[dA_@bAMXQRSNa@JU@y@GwBi@w@W}@QgAWqFw@cAIYIOWsAsEaBaFk@mAWEQDy@b@mCvBiBpAw@x@_@l@e@jAm@jB[xAKXUf@SNG@QCwAw@wAo@y@[k@]{Aq@cBaASCSDS\[dAc@jAqBrHOt@K|@GbBI`AOx@e@dBmAlEkBtH}@rBc@|AS`A}BxHMHOCYQSUKQ
10324095401,}{wbFfimgVLx@ThEJx@DnCAXCXKTOHKAMEuBsAoHyFaEeDmCqBm@k@gHaGcAq@eBwAoEiDmB_BiCkB{@s@oEiDgCwBoCoBgDkCkBoAgAaAsB}A{BoB_E_DuBiBqFiEiAw@}@u@qByAmDyCW]e@_@w@e@iA}@s@g@q@m@c@i@Wc@y@yBeF{RCk@GU_@cAsAwE_FsROi@e@kA_@sAMMMC_@JoB~@kBt@cB|@}D`BkCnAsAf@{@\iFhCOBQIMSK[eCiJk@qCqBaIg@_BoBkHs@sCIc@k@uBw@{C_@sAk@{B]iBKU{@{@We@?YDWTi@Zg@DO?W
10314015846,yvrbFbpqgVVZDBb@Q^WJCF?LLVb@DJBZMhBMvDQ`B[tF[jHIfAMl@OhAW\QDoLeAIBCJQrCKPOD_@?aBSqBMc@ISUm@oBMI[E[AgATm@Gw@B_@Dk@L[Be@AyAIeCLU?i@Ii@OYOe@_@_A}@k@_@wCmAyBc@iAKmBUwACi@Dg@@sBRoBXeDZmBLqDIgEa@s@AWDECCIA[c@IWAGBOLSDMFw@p@aAh@OD[Bw@IUKOYUcAIQa@U_@Ka@CqBHeDC_BF{BMoAQaDWAu@Be@DUKk@Ei@GkHBiB?iMBg@DYN_@NULe@CU]eAOy@Iy@CiADuIEaH@_GEcK@oECgB@qLDeBE}DFi@@qAIg@KYOSmBqAo@k@eBqAqCaC}BgB{@w@KMAKDIPGXDHIL_@Lw@PkD?}DEu@IOBaAEKS?ED
10314015829,oywbFfgmgV`@CFG@IJkE@eACMGE[CcC?gCFWHIPCh@BdA?fLHhECT@PNl@T\bAz@xAfAj@f@|@p@VNrAbAl@h@\\~BhBhDbCrAx@rAt@bBp@nBn@lCl@vDf@jBJ`BD`FBdAB`CN|BNzIlA`Cd@bAVtDlAbFvB|DxB|B~AnDrCnAx@ZVnDjDfBpBbCvCrArAbFdGp@`AfHrIjFrGdBnBt@dA`HtIR^EN[`@ULG?IKYYMULL@B
10312941694,_bxbFveagVQFCPu@F}CBwAFaB@yAHcCBs@Hw@LiFJgDN]CKLAV?z@BtAFdHBl@JpEH`GCfAG\Qf@Y`@sG`IwB`DoBhCsErFiBbCmA|AwA~AuArB}CvDaAtAwDbF}@dAi@r@o@r@k@t@s@z@}BbDeCzCeDvEKZANF\LPZT|@h@t@z@|EjHzAzC\l@|ApBrBtCjA|AzDxFjFhH^l@LV`@lA\nAJf@B\P`H@dECpDHtHCnI@fBIpO@rGDhAJnAFV^~@HbAJh@LJFDT@xBEpCDfFEbA@zAGnCA`DFlFGZFHLHlJAdHDbBCpODfF@xKBpBCjA?|FBnHEf@HbIEnFBj@LvADbCBVHRFDHDTBzAE|CB~AAhA@fBGf@BtGCTBNHDFDRDjDCj@?^AJCDi@R
10309141502,qkncFzqcgV@h@Ld@@b@DNBBLDb@Fp@Bx@GREHGVw@Bc@Ee@DSHCV?ZFRHLPBPOhC@tAFl@HPJNRDn@CdABz@HbB^vAd@zAr@hAt@|@r@lAjAp@f@`Ah@b@N^HfCTf@?bAExCc@dASnEm@fB[VM|Be@lBi@\EF?HDBJ@x@PtAH|@RzDL`DDlCV`GHdFDxAxA|Nd@nDNxAr@`Fj@lDdAvEz@rEh@nBf@zAR`@FHRJn@JlEYjAS~Cy@dGwADBTZHb@Vz@T^x@r@fD`D|G|FZ\l@v@RPTHb@HT@TCv@[lAs@HAND
10308682626,iywbFpgmgVd@MBEDQ@c@Ck@Dm@@eCAOGOg@S{@@eAF{@Hi@HWLQRK`@Kv@Gx@AjAH~G?z@El@Kh@MRQBG?]MiJkHmJ}HqAaA[]iDuCyC{BgBkAm@e@KU[WoDmCuGiFmG{EiGcF}BaBaBuAoA}@wCgBc@]EIa@CYV_A|A}ArBY\SLa@LoAVs@Hi@BkBXo@PgFvBmDpAq@XeC|@oBz@wBpAi@Lq@\cAb@eC`AUD_@BaC?uBBkC?wAEwBBkJAsG@oK?uACmGFuAAeGBgECaGFgEEuED{GAm@Ea@MoB}AIEKAMFMNu@rB]`AqAjEk@|AkAxE[lCEPIFuI@}@EiBAcAIoAAiA@s@LuAHmDOiAFwABe@DwFBuCEyC@m@EaAAeAKs@A_AB_AJkCPsA@uAEkBCwF@s@GyAQk@Ee@@{@JqBJmC@gACqEBwAK{AUk@EY@eARe@DoDHgFf@o@CmCEuBQ_BKaCWu@EsAFeCAODED@FUHM?KE_@[}@OqQ}B{@Go@?eAL_@HkUjIuBz@wA`@uEfAm@b@i@XWJm@H_@PmA|@qCfBaBnAk@l@GGGe@ISIMWSIQaA_Dk@aC{AyEoAsCeBgEkDiKw@oDy@eDmCoJe@qAMc@U_@e@k@m@q@i@_@{@g@wB{Aq@i@m@q@q@kAg@oAq@aC[qBGwABiAVaCRoAJe@t@oBnAyBzA_DzBcEhEmId@uAT_AHg@RqBFOB]GaDMaBOaA]wAo@iBc@eAgAgD]y@UmAaA{ByAuD[}@wAuD}@iCMSu@uB}BcGq@sB[_Bi@mDA_@SiAo@gGs@iFWqCa@sCGuABW@uAJaBLeAhCcLhAaErCyL\cB`@aDJuABgBOkBGcCKuBCk@Mk@EGOMUCK?}ATcEb@}AFoAAmBQgBWgAWcBk@eCs@iASmAMw@CyA@uAHqANaAV{CzA_CbAeAp@a@Dc@LgB|@{B~@yE`BkA\uAZeEv@aB^}Cd@wB`@qAHo@E}@Kk@Ok@U}@g@kEqDoAw@u@[i@SsBg@oASy@GuBG_@@cBLuATs@Ps@TiBv@Q@GCQ[Su@MsAAm@FOFCxAQJCFGDSMcB@K
10298800672,ykncFhrcgVCJA\HTLp@JPFBn@NP@dBSTKBKF}BDQBCL?~@XNLDTOnBBpBDh@JPFFFDTDvAAlAJdB^jAZtAl@xA|@n@f@~A|Al@d@ZRhAd@r@RbALv@@j@AdC[p@CZE~@QlEs@xFgAt@SbDeAzD_B|F}CfC{AfBy@|@[nAUZAXDfAI`AAl@@xALr@Lz@TvC`AvA`@vB^nAJvAHvBAlBObD[P@LLJd@PpCJfC?rBOfCQrAY|AkD`MaDdNc@xAOp@QxAS`DA~BJjCN`BXxB~@zG`@tBd@rDrA|GXz@lA~Dz@bDj@~A^r@`A~Bn@~AVr@z@dBn@zA`@rA\x@Lx@r@|AZx@^nAXnAVl@d@j@P`@h@fBP~@JdB@rAGjBQhBUhAY|@Wl@uAnCmAnBcApBa@t@]v@Qx@IT}ChFk@tA]hAQhAWdDB~DHtATdAh@xA|@hBx@rATX`@^l@d@bC`BbAx@v@~@b@v@r@hBxB`I^dBTxAf@lBhBzEr@tBr@`Ch@vApAnCn@bB\N`@QH@BDb@hBt@dBn@fBT|@n@fBLhAFLHFLApBgAxBwAjCoBPKr@IREz@c@d@]RIjCi@nC{@`MsEdBi@rEgBhA]t@M`@E^At@DfFv@`KnAz@PHFLRHBXAZURCzADxDIjCEf@HlB`@`AJt@B`C@fFg@dDA~@Iv@Of@E\@p@Hn@BxAPfADtF?fBDbAEnCYj@CZBx@PjDRvGIvBHt@?nAKr@KfBS\Bn@LpBFnDAnED`AA|@@|AG~@AVAx@MT?`AJ`BJvAGp@KVA~DHvAAn@@vFB`BBTAVMb@aAj@sBjAyDdAaEv@sCZsAPa@NKFAPF|@x@d@Z^Hh@Br@AzIB`BGtD?lFH~A?pBC|@E|IA~@BzBGV?BBb@DbCG~B@`BCfD@zDE~DBtAA~@BtBCb@DxBEtA@lCEfADtAA`@E^KjBw@vAi@dBu@`Ao@l@[lAg@tDsAnAk@tJwDf@M|@GxBW|@Sz@YXSNOdA}ArAgBLOPGN@FDj@`@hDtCzCvB`EjDjAz@~ArAbCfBvHhGlA~@fCtBXPRTt@l@fCbBzBpBpA`Af@h@v@n@z@v@|A~@|DnC`@LL?LEJQDg@CkA?uAHa@JKvEEhB@fFGlDApBBZDLL@HBV?bBBbAAdACNMB]@
10297175544,wywbFdgmgV`@@FCBMD_BD}@?_BC_@g@W[?iA@_DJUBILCREtBHnJEfDGXIFKBUCaIkGc@c@aD_CGMKKgC{BaIoGgAq@}@s@aBeAsBaB]_@kGoE_F_E_P}LuCaCwB}AiAq@_Am@g@e@OUK?WJQNmDnE[Z]PwDt@aBPeAXoLtEkDnA_Br@{A`A}@`@yAf@wCjAWFUDqAAoDH_BAk@BaACWCmCB}AAgD?uDDyEC{DBmCE{@@_BAaCDqP?sDFuH?m@CuBFoECcE@a@EUISMgA}@SMUIS@SLMVqAxDcAhDc@bAuAvFIh@Ex@In@GLKDqAAmGF{@GaBC_AGcCEW@u@NmAJcCIoAMqFVaC@qAAeA?qAFsBAw@GcAC}AOe@AcAFoD\{@BiCKmCEaDAmAEeBOu@AwHX{G@s@E{BYc@Ag@@_ALqAJeDB_CPu@L_@B{@E{@?}BEmCQsD[Y?_BH{BEKBGDADBDYBOE][KE{AMmPwBy@Go@?cAJk@L_Bj@sBz@wEdBmJfDcCt@yBj@aARcAn@i@VaALiCjBqEfDi@f@E?Ea@EOQW[Yk@cBe@_Bm@_DOc@a@_Ae@}AiBgEoAgDyAeE_@sA_@eAqAwFcF_PGi@_@m@iAoAg@]yDeC{@u@i@q@i@_Ae@qAg@gBQqAOaC?qAJaBFi@PeAVcAn@aBvA_Cp@}AnCcF`AsBdBaDn@qA\}@\{ALu@JcADeACcAGoAc@qDUaAk@cB{AoDg@gAIYKe@CWZYwDyIY{@uB}F_@w@Qu@_BqDoBuF]qA]mBOyAi@wD_@uBQwAMeBOcAU_COqBU}AMqAAy@D{BHaALs@nCiLPk@p@mCNaA`@mB\kAt@sCp@}C`@wCLcBBcBA{@Ci@SyAKwCM{@GWOQUIWEYAgC\iDVeADcA?uBWcBYiCo@y@[kBg@m@KkAOw@EcC@iCVcARs@VwEzBs@^o@`@kAZm@ZeBr@gFnBaDx@qCj@kBZ_B`@aBZiALoB`@w@Fa@?m@C_AMu@U}@c@w@k@iCyBoAu@kCkAwA]eAQqBQ_BGOCK?eD\o@LeAZyAt@SDG?GEIOU}@S_BA_@FODExASNGBEBYKgA?c@
10288021084,uuxbF`ztgVsAK@[L[`@?r@BLFBFBvE@dPAfBEpBFlBAzFDlFAfJBhECb@BzA?vLBhANl@DhAHPPLd@D`EC`BChK?rBGdA?zBFnB?~DC|D@jCCpC@nAExAHxA@jFGjE@LAREF@ZETML]d@mDDm@?oAEo@K_As@uCM{@Ek@o@wTIkEA}A[aOWiFCmBQwEC_CI}CTuI\{EDkA^eHDcBv@}P\sGNgBXsHJu@H{B@m@CcECcAA{@BoAA}@Gk@Mk@Oi@Wg@a@k@{@aAoAcBe@e@_@Uy@Y}@Oc@CwMB}@Ce@Ic@M_@Qi@a@]]Ya@c@}@I]Kk@MwAA]?aLCqF@gJGeFAiFFkHCqGDiFCmCHaADkDC_KSaJ?kVCeHHyECaCDo@AG]@ULaAMmBF}AEGD?FPVDZ?p@BjFDFJDn@DXHJPFXFbCLbBDdB@jCEjAIPGBSBcB@eBDsBCGHAP@nAAPGHWDMH
10281686095,sd{bFni~fVgC`B_@XSX?J@PvBbGNd@Rx@l@`BLNPDRC^KJDP~A?f@CbA@TDRdAdD^bA\r@Tt@`@dAd@tAhAnCH`@AXS\_BnBaAdAsAdB}@|@G`@@HHR`AvA~AhCt@tAd@n@XVPTL^J^Dn@E~A?rANrDP~KD|@Dd@HXJTf@p@j@hAlCjE@FAPLd@FHGb@BNHPt@x@RZt@dBp@jBXp@l@|@bAdAl@t@d@t@Xp@`AlAz@~@Zd@JTFXBr@Cd@IRmCjDyAvBuBjCi@z@yF|GoAfB{@rAwBnCi@j@aArAiAtAs@fAoB|B_ArAiC`DcBbCONMREN@^HRPPd@\f@Vh@f@xEvG\f@tAzCf@z@dChDlIvLRj@tBfCfB`C^t@j@dBXnBRxFBlECpFD`EEnh@B~@FdAFb@R~@Fv@Bp@Iv@\DpASpACvCBpBAjBEtABlGE~BBxEIf@@PRBb@A~BDbGA~FDtCA`EB`AEpIDvHCxCBxB@`GCrH@jBDx@@lECjABxB?xBB|A?hFBrBAn@Mp@?LFLVVH@HED_@CaC@g@BYDINKR?`ABhGI`D?V@^CbB@|BEp@?\FHNBT?jCCf@@lAGJYBGH
10275323476,iywbFpgmgV?CJGNCFM@k@LgABq@@wAAQGMOI]CsCFwAAO?MDILEd@GzI@bEApAEVMNGBSCuEcDgAaA_CeBgDsCsByAwBoB_CmB}C_CuGkFiBuA}AeAiEkDqAoAKUGi@AqB@qFBsBEwODyGEwCAuHBeE@oIC{G@iBBk@C_AIw@a@eBIg@IeBFqZCqBA{H@mFBaDCwA@yCEsDM_BMq@g@_Bq@}A]m@aByBoCiEsC{DqHmKy@yA_AsB{A_CiDsEmB}AMQISBUJU`BmBp@o@rCgEp@s@fAyA`DwDzBuC|@oAvAkB|CoDn@_Av@_At@gAl@u@zAwBl@s@pA_Bj@o@|CeEh@m@nAcBv@y@dB}Bn@}@nE{FXi@He@BeAQqEAuGMaDGmBAeCUgKGwE@cANoBFeA?_BWyLQyF?g@CEBg@OkBIYKSiGaJi@}@mC_H_AeB_@wB_@YUc@YeAQaAQc@cD_HI[Iw@g@w@Kq@K[c@s@m@m@U][s@?G
10271472485,iywbFhgmgV?ENGPAFE@MJsCAmBAIIIQAqCG_ADaAAQHKPCX?rBElA@hIE`GBnEAhBGdASz@Wn@Y`@_@Xk@Tq@HwA?uALiB@sAGSFIHCJE\B`IA`IBjQBpEAxDBrEAbK@p@Fb@@`@ExBCxCJ|b@AhBEd@?lDHxD@~MJhCAl@KxAAl@?nADhA@hAInAGvGLdJ?lEE~AJlICjB@vDAdHBxEAjCF`B@lBEjFDlECz@@dACxCBrD?zABnGCpE?tCC~@FpHEhA@`EBjAAlADzDC|NB`HEfB?`HCzB?rBFjD?pFBlACbBBtGC`JDzCAbGBfLCjCHfBAnEGhBAvA@`ADr@CRDjAAxEBzCCvC?nBBdAAhADfBCvDG~AIzE?nEDhPFvBTpCL`A^~BLd@Jh@h@hDNvALr@RjBDfC@nMGzABjAAnAHlD@~C?z@EvAD~DAnDEtACbBMzFI|B@dCAtBIrB]`DFMH_@TcCJoBLwFHuHFgBDeIFgCCmSLaA?]CaDA{EQ{EIgAa@cDuBaMOiAGmAQeK@kCCqB@mCXsMBeB?gDP}EBcFF}CC{HCiA?yCEsBBmFEkN?cG@sAD_AEuAAeI?cEAcFBgECsUDiACeEEgA@uEGgF@oCBg@F]@_@CoHG}JB{A?aCA{HCsD@}DCeBFeEEyA@cAG_G@qHBy@EcFAwI@gDImQFiCGmDA}EFyGCyEBiCAmABeICoCBqGAk@MmCJqEAiACm@BmECwG@iBEwBGqL@uJCqB?mKDmDEwF@cMG}L@gECiGBgAIuJ?yHC}G@aAIk@?Q?mFBs@HQFETET?v@B~DGfCBbBC`@DfACxE?N@NPFZArFAHCDa@@EB
10259511670,iywbFpgmgVN?NKDMBSBo@@{DC[GKWGwB?gBJo@AMFKRCTBbBCjBBjHCbBGd@OPSDSImDiCqBeBaCcBsCaCwFkEkAaAyAiAw@s@u@e@sFqEQIg@g@iE}C{EwD][gEeDsC_CcHmF{DcDwB_BoBeBuB}AoFkEmAy@mDuCcBoAy@s@eCkBeA_Am@u@e@aAUy@qB{He@aBs@oCq@yCeAuDeE_P[eAg@uB}CuLQa@GEIAQBcAl@u@ZQ?GCMS_FkR]cB_CgIk@uCAWFSNMf@URQPSlDoGhA_C\eAdAuEFq@?u@Gq@Fe@l@m@FAFTEh@]`CKv@_@dAKr@IJ_@PKNU|@Qb@y@tAuB|Dc@l@c@|@W^QNi@TQJGR?VFZxBzHh@~BHh@Tt@Jd@zCvKvCtLF\Pp@\hAVfA~A~Fd@pBx@tC~@bE|@nDZ|ApCdKX`AP`@xAnAzC`C|CtC|C|BfAbAlDnCdA|@xGbFjDvCDJRRdBdA~AtA~CbC|AjAdDnC~@p@dF`EfAx@p@p@~FrEpBhBt@h@FLPLjDzBxCbCnBbB`BhAz@t@nAz@zEdEv@n@|AdAxD~CpEvDz@|@B@DEBa@KiA@qACmB?kCEeF?yC@MFKVGhA?|@G`AAv@@LDBDBL@dAHpB@zAENc@@GH
10249272270,qstbFx_ogV@@UAEH@xAMzAA@U?{CoByDwBiGsBkGaBu@MkC]cEa@oBM{DOoHEmAGaAIgCa@mBg@wF{Bc@M_CwAeAu@qAgAiDgCoBgB}BeBIKASFIHC\DFCDKN}AAgBLw@B]BaDE{@?_AAKKGMAMD
10249272266,cywbF|gmgVXQ@C@Q@c@JaAByCCWGMMGUAkEB_ABMDKRCTBvBAnABxFDvCCnA?v@B`@J`@TZ|EpDhDtCh@h@|D~ChEnC`ClAfA`@zDlAtAVjBVbDRfFBnKd@lBT~@Pn@FjEr@lCn@rBp@vBv@`CbAvBhA|A|@j@`@^^Zk@HmB?gB@QFIL?DBHJLFHL
10249272296,cuhbFz}lgVJGo@kCmA]YC_@@eAPoBJi@No@Zc@LU?SEMGMOISOo@Qe@UcBA_A@oAGsDKkAc@wBa@_BWe@QMSIq@Oa@E]BQJo@n@i@Xq@l@S\u@bCIJMDO@y@CcBDkAJeCJqALk@LY@}@@wBGsAQWI}BsAa@e@Yc@IGU?y@\K@CCS[i@a@[u@OQs@c@o@e@]Ou@?[E}@e@Y[[i@c@qAOQ[Ok@O{A@qEWoCg@k@Qq@QaA[]W[a@c@_@c@o@o@u@o@eBk@eBa@sBe@mBM]Ye@m@o@KO_@y@oBsDcA{By@wBm@wBa@q@Q]_@sA_@eBi@qAy@gCc@aAm@}@m@u@yAu@k@OeAe@eB{@aDkAeAWsBSu@O_EQiBUiFSaBCm@KkAGg@Gg@U}@u@]GcAg@gBe@qAs@q@Wu@QsB]mAY}B_@gAS{@WkB[yDy@iAQ_Co@gCeAcDeBcAu@eAeAmAaAm@{@o@g@c@i@k@_AkAaBa@s@uB}CwBuCmAeBi@m@m@e@OSiA{Bo@g@k@w@WMYEa@@GBKRIBoBHSD]He@ZCHCTB`CAtBBzBG\uBnCO^O|@A`@B|@@bECfB?jDCt@DpFHn@Vt@JT|@tAJVHXHrACrBIRQJcFFwACsFBmBCwABkAAmABkBA}CFgDCu@G_FHgBAs@@k@AaDB{BAs@EgD?oDDyB@_DAyE@aBJuD@mABeG?aBDuCEwGFy@A}A?]IKAwETw@@oACy@@aFIwADmECwEF_CC{@?YBe@AoF?uBFqCA_ACeDJa@HeA^a@DU?sCa@aAE}@MmAAkBBUCWKO@Cb@BtGBpB?xBExA@dA?lE@hAH`AGdABtBCjC@zCCdAF|ECfAHr@GdA?zBBjDAnGBdCBXCX?r@@h@DVCf@CzE@RFD
10249272213,gywbFxgmgVDLHKRGDGJyG@SHOFCRCzABbEGREDOBUAmDWaEGSEEiAOOMCKA]BmACiDEUEGMGAEDGf@AjBHr@JRAl@ERSTCLBFAO}BCgBQiF@_CIaEFsC@_ECy@A{JBeMGsB?sCLcLBi@FUDIPGl@?z@CxEChG@bAEzAC|H?zACdC?vEElA@bBE`EBvH?nACfIEz@@`BCv@?j@Ez@BrLAhDDv@Er@BxBEv@Bj@CnC?`AEjEG^BtB?nACnF@dFE|@@dBEtC@vBEhAB`@A^IbAKdACj@?PIFIHi@D}HFw@X_AjAgBLURs@Fg@BqAC_D@eFBk@TcB@u@Fg@E[S[gAcAy@q@SKGKGs@Ay@?qGBw@FEXEjCWLGLQZCXDXRn@z@n@j@n@rATZpAhAXZn@hA^f@lAtBhA~AfBlChC~C~@pAZ\h@\f@h@bBrAxCnBl@Xj@^`Br@~Bn@xCj@bANbBd@z@LtBd@pCd@`AVrCf@z@RPF|Az@j@F`AVR@d@NJF^f@j@j@TPTDb@Fr@@pAJtBHtAJ|CFrAPrADbBN`BTt@Dr@LdFnBpB~@hBp@|@j@LN|@pAl@lAh@|Bj@xAb@tBTt@HPv@jAp@hCn@~AzAzCl@vApA|Bp@v@Xh@x@dDPx@Z~@x@zCNR^X^r@VTb@f@XTfAf@pDlA~BTfAAxAJr@?d@F^J^RPPLT^`Ab@h@ZR|@^\Dh@?NDxA|@`@^d@~@b@b@TZH@l@e@JEF@`@b@h@RRLt@t@h@^f@LjDd@|@DbAEv@I~@C^IfCSrAG~@Ar@FRALKJUlA}CVY`@WVMb@i@TMTCdABVF^Pl@t@HP^vAd@lCLlEIlBDx@^tCTl@LJTJn@@LAj@U`BS`AI`A[b@Ah@DjAXNFJLBL?b@FVAHMZBJ
10249272222,{yrbFx{pgV]c@UR}@pAUVOHE?MEu@cAkAsAcD}D{@mAaDaDcD{D{@iAaBqBsH{ImAoAsCsCsD_DiBqA}A}@mCiBkDgBwD{AkDeAwCm@iEs@iDYoF]mBGkDG{@@sA?gAE{@IcC]kCk@iBq@aDqA[[EE?G[QkCeBc@e@eHgFe@c@kCyBgD_C{@s@_A{@oB_BqBwAwAiAy@cAkAw@QSMUOi@IyA?qBFMNEH?~B@|BCx@@dEIf@BtD?HDBJEh@AfCDt@?d@DHDBb@?LD
10249272193,oywbFjgmgV`@EDMH{B?gCE[OIUCmCDsBCSFMRCVArG?lFDhA?`BDfAFb@T^RNfAt@lAfAfAn@bDnCd@f@fDnC`At@l@Z`@Zt@f@bCnA`EzAhBb@lDh@~APb@BjKLbCJbCRhAL~Ep@lCb@hAVdAXrC|@nC`AjAj@tDvBtDjCr@`@hB|Az@j@n@j@fEdElCzCnBbChBrBjA|AnD~DzAnBnEfFvAnBrBdCt@x@t@`A`AjA`A`A|@dAlHfJzDtEt@p@tDhEnBjB~@`AjEhEdEvEfBbBxDzDzBpB~C~CpFzFjG|GpAnA~@bAxAbBnBrB~@|@vAlA~DxDf@n@d@t@bApAbB~ChAlBd@r@n@t@v@t@fCnBxA|ApAjBrBjC~@xAxAfBfDvF\z@RINSASuAiCaA_BkBaCoFyH]a@cBeB_EgDu@y@qAqBi@kAUw@W_@s@yA}@uAQSkA}@{BqBiCyCcDeDwHeIkAcAaAgAiC}ByEoE{@iAg@e@cAkAeCyBkBsB_D_Dc@k@_BaBmAiAaAmAy@}@eAaAkAuAOMa@SgAgAeC}CQ]_DkDy@y@yAiByDoE}@oAeCyCS_@CMDYJQRSF@VVBJABICT?n@iAFCH?@C
10226678469,ykncFdrcgVCf@?JP\Hf@DLHDZDRDR@j@An@IRGJILc@GsA@QBENC^@j@PLJDTQlBAh@@h@Df@DXLTHFTDvBHbBPhBh@tAh@dAj@rA`AnCzBpAv@r@Vr@L~@Jb@Bt@CnAQn@Kv@Gx@QhCYfEy@ZCjD_A~Ai@vGkC~G{DlDaBfA[tASjBIt@?lAD|@Ht@LjAXrC~@tA^j@L|@NbDVh@?bDKbE[XBLJFTPrCLpD?~AGrAIfA[nBWdAaBpFuAbFsApF_AhEi@tB[xBOtBAtBNxCRrBp@zEb@pDp@vDf@`ELh@D\Vx@R`Av@tCd@vAb@fBX|@jBhFn@rAl@nBhBrD\x@Pl@BBb@bAPl@hBrEx@hCfAvCPl@TzAFx@Bx@?~BGbAUzA[lAiAhCaC|D{@~AGTWd@_@x@}@`CeChE_@x@Sp@g@rBWbCEfA@dABt@F~@V`BV~@~@zBx@rA`@j@p@n@l@f@vBvAhA~@t@|@d@t@v@xBb@`B`AxC`CnJx@fCbBzEt@bCl@pAbBpEXf@N@^OD?H|@FN~@zAd@|@Tf@VdANz@\bANx@HPJHL?f@SrAs@dE}Cv@e@RE^ATGl@]n@_@RIjCk@fAYpM{EvHkCtBw@r@Q`AIh@Aj@DdBTxB^~BV~AVtD`@l@NTTLFZITOJA\?t@Dr@?|BKl@A\@~ANrAR|ALzDJ\A|B[tAIrCCtAKbAQh@CZ@z@RbCPrCExFHxD[l@Cj@Bp@LtAFdJ@fBBdADz@It@AlAM`BGR@v@Lt@@j@Fh@@hAEfC@t@AfABrCA|AKbCG~@J~@@t@Fz@Kd@Av@MTCrABr@?z@FjAAtAHbI?HAPKf@{@l@cCnAoDTcAhAcEr@yCPe@JMFAL@t@p@f@Zh@Nr@Fd`@EvBBvKEjFB~AC~@BtAC`E@vDEnHBrCC`CDbNIf@KvCkAx@W\SfAc@rBmAlCcAjCiA~CmAvAg@tCiApA]vDc@bBc@b@WNOxAuBhAuALKLETLfA`AdErCbCrB|@n@hDtCpA|@|@x@t@h@`Az@t@h@XXbAr@bEdDxChChHjFtCdC|@r@bBxAtA~@~Ap@jB|A\@FAJIFS@YCoDF]LIPA~@DvDEvH?dGCXDDBFLDd@DxBEzBGDYB
10226678527,mywbF~fmgVXIFMNuC?gBGYGGSCuABcD@[FGDIPEh@?jL@jAAhAEh@IVOLUCgDiCqBwAgA}@gAw@kDwCkBuAwCgCgBqAm@k@mA{@wFuE_@UuBeBiAu@wFiE{@w@KUcAs@uEoD}BcBuHcGkAo@gBsAm@_@i@a@QISCK@SPq@fAeB~B[ZUNa@LmAViDb@sAZuCjA{JtD}CpAaCtAyDxA{An@c@NUBkMDq@Ci@@qP?iCBsKCc@Cc@AoGHi^@{HD{EAWCa@M]UoAeAc@ME?KJIT_@rAqDlL_AtDShBGd@GLKD{BEeFB{@EwAA{AIgCFu@JeAFiCKu@I[?eDRaG?sAB{@CyC?{@G_AAs@Gg@AuABiAJeELcCGuBAwE?mDWiDTqBFeJI}AK_BUYAc@Bi@Nw@HaABiB?cCTmAPa@@m@CuA?wCM}BO_CYk@CcBJ_CEIF?LGFG?MCQGQSOG}Dg@_BOmJqA{@Gq@?y@Hw@R}GhCqOrFqBn@wD|@o@b@s@^WHk@FUJkIbGe@h@[_AKOUQQ[i@kB{@iDu@kC_FuLgBoF_AaDmBwHsA}E_AeDc@oAy@_B_AgAWSgBcAmBsAg@c@u@cAc@s@u@mBc@sBOiAGsA?{@HuBNuAh@wBb@kA`LgTpAoCf@{AVsAX_CFwACcBMwAKu@a@iBiBeFuAgDK_@CSI]g@iAg@{AoAeDY}@sEaM_CeGe@{Aa@mBo@qEUyB_@wCu@aFcAoIGiBBeBLgBTeBdAwE~GiXf@qCPuAPeCBkAA}@UqBOqDK}@?SEOWSUEUAaCXyD`@uABgAE{AOsB]iBi@_A]cBg@w@Qk@KeAIqAC{@B}BNqAPc@Jw@^qBfAuB`A{@h@mA\qF`CqAd@S@qBr@oCr@{A\gBZkBd@kDf@wAVuAHc@CgAMa@KcA_@gAo@gC}BeAu@i@Yk@YmAg@eBc@m@KmAMsAI}A@uAHaBZw@RsChAU@GCMQWqAOmA@a@BGLKfAKXGJIFUG}@G]@Q
10226678048,clncFlqcgV?z@DJNTRx@HFZ?RJRBjAIh@IDEDiAAo@BQDENCR@h@HNDJLBTS`B@jBL~@HRFDPHpA@jAHzATvA\r@Xr@\`B`Aj@`@dCxBfAr@`@Nr@R`AL^Bh@@\CnL_BnCg@hDu@lA]`A[jFsBxF}CjBiAlCsA|@[jAQnBKbACnABj@FnB^hEtAtA`@bBV~ANlAFlCCnBOhCWP@NLHb@LxBJhDA~BK~AIv@W`BQt@{DdNqA`G}AbGS`AWlBMzBAvAD`B\|DfAtIXfB`@hB\zCP~@ZfBb@dBxD`M\vA`BfDv@vBxA~Cz@fCzB~Ft@fDJVp@hAZv@XhAV|AFt@@hAEtBOnBO~@g@bB]z@}@bBi@`Am@z@iBpD[r@GJI?IHYn@k@`A_AvBaAnCo@fCQxAItAApA?lAD~@Ff@L`@RbATn@r@|A`A|AZ`@x@v@v@j@tBtAd@`@|@`Al@bAl@|AX|@jAfE~@pDVzA`@zAfAxClBxFj@hAnArDb@dAn@bBXNLCXMF@@BLpAFNV^p@pAj@hB`@`B`@bAPjADHHFJAZUfAi@d@Y`EwCv@g@TG^CRGrBeAzBg@rBk@lCcA~FsBtDwAhGwBfAYv@It@?`AJfC^vBTjARzFn@~@Pb@^RAXSPCfBDrCEn@Bz@HvAH|BTvBFxB@bD_@fBInCE`AG~@Ob@CR@n@Pd@FpBL|@@dDEfB@`ABp@AlCYl@C|DX~@DpHEnCHdBEbAOv@A~@?z@Jj@?jA@|ACjL?dAEhACdAI^@d@JdBDxDUbC?|@HvAAx@DfC@xB?nACRENKR]Pa@vAmElCqJn@sCP]LKF?PFz@r@b@T^L^@~@@tACjAB`F@rAE`CBnFAdF@z@EvDBjIEp@@j@Dv@EvCB|CG`JAjA@fHC|BBvBEjE@|DE^Gh@QlCcAfA_@jAi@dBgA`Bs@rDsAhKaEz@WZIdBOvAW`Be@\QXYtCwDPSNEF?NHfCrBdAn@rAbAtFvE`MrJbCrBrBzAlCzBb@Zb@b@t@l@xA~@~@t@n@b@d@b@~AnA`@d@`A~@X\RHfAr@|@`@^ZvArA`@VJBTAPBLEJQBi@CoB@u@BWBGNKRC~@DzAEtSEZFJJBHBT?nBDfACt@CJGHYHGH
10226677893,uywbFjgmgVNGFDR?FI?G?s@JoAC_BG}@EMKGOAu@B{DDUBQDIPCXBvAExCBfFAtCCZKTIDI@UEkF}Dm@i@}@s@gCgBwBkBiBsAsBgBm@q@wCsByAmAmEcDc@[S[SQoGsE_[qVeAu@}@e@y@q@oAy@m@g@KASFOLiDpEQPSLuBj@{C^qAXeDtA}DzAqA`@aAb@aEzAgCvASFcDpAcAX_A`@UD{@AyEHgEC{@Fw@CcBD{CAaBCmA@{@CgFF}CCiA@mEC_FDyI?m@Cc@BaAAcCHwBGwBFiB?k@C{DDsACuE?{@Ea@Ia@Q}A_ASGI@QHOVi@dB_@tAe@lAc@|Ag@lAmAfF]jCGPIFs@CqBBoACgB?cDIs@GaBAiABi@HsAHuBGeAI_BJu@?aBFcGA_FDeCI}@KkACo@@_AJi@@uDLoECwC@mBE{CYuALwEN_DE_DFyAIoBWk@A[@cALmAFuA@eAF}C`@k@BgAEsCEiDQcCYw@GyAFoCCMDANKDK?SIWWUGkD_@cMcB{@Io@?y@FyA\}CdAy@\qDlAoGfCcCx@oBj@uDv@y@h@u@^UFa@DSFwEfDiCpBYZE@EEAWGUQW[YIQS{@u@wBo@gCgAkDkDwIiD_K]mAw@kDmBmHeB}Fu@wAcAiAo@g@_EmCy@u@k@s@s@wAg@}A[uAa@mCGiBHeBPsA^_BX}@Rc@p@mA`BaDl@{@n@sAXw@z@yAxBkEjAeC`@mAZiBNuAB_BI{Ba@aC]yAo@aBUu@eA_Cs@kB}@aDg@sA_@qAc@eAc@wAkA}CaAeCQeA_CqFqAkD_@kAY_B]iCi@iFi@gDw@oGSsAS{BCmBDiBLoAR}A~BkKhAeE\aBj@iBfAsEh@qC\aCL_C@sBC{@S{AMiDEk@CGYg@]Ma@CgEh@sAJ}ADmAC{AQuB]uA]qAg@mBg@_ASaAMcAE}A@oBLeBRw@TyCvAcBp@iBdAeAZaBv@uBz@aBh@y@^{Ad@qBj@qEv@cAToCh@m@DmB`@y@D_@@k@G_AMi@Oy@[]S}@m@sBgBmBmAs@_@u@YuAe@kAUgAMwBG]@]AiAHgCd@mA\eBv@SBICEEKU[mAIo@Ai@DOLIrAWVIHGBSQiBDI
10226677673,wrtbFz~ngV?FQROBGLQtC?RS^@\LRtBvAbA`AzB`BdB`BxDdEhUpXnBxBzCzD|BnCh@t@nC`DpA~A`DrDzBtCrElFpG~GzEzE`E~DhBnBnDlDhBnBjBbB`EdEdB~AdDzD`B|AzGfHxB`CrArApDfDpCjCn@z@dArBn@|@fCjEn@~@bAfAhDjCd@d@z@hArC~DjA|AnB`CLVhBjCpHxM`AnBdBhD~DxGr@|@b@b@bBrAdB|AhDpCfBdB|@bAxEtE`@h@h@v@zAxCnCzErAvB|@pAdBzCz@lAnAvB~AbCnA`Cb@nAP`ATzDPdBHpAPb@PXTTfAp@lAl@\X~CnDfBvBR\hBhBZd@L`@^lCN~Ab@nDRjABHB??QQeAyAyLGS}@eA[YeAsAeAiA}@oAkBqBq@o@iBkA[Yi@s@Me@Ek@O{@[mDUgBMm@Sk@y@cBcBmC_FeIqF{JcAaBy@sAu@eAu@oAaBiBaE}DsAwAmAgAkByAoFqE]]g@m@uAaCo@qAy@wAaB}Cs@eBq@qAeCiFcBeDaAaBgMsPu@s@aCgBeAcAm@u@aA}Ak@mAc@oAYi@qAuBa@k@{FeFcFuF}ByBsDyDOQaCyBoDqDeEcE{E_FeFcFuH_I_CkCgEqEQS{AwAyCeD{BkC}A}Ac@u@qBiCsHaJQY[[oBeC{FyGcCmCuBaCsBeCmAaBuAcBmAqAeEeFgBkBwCsCgBwA_EwCSY}CkBuE}BeE_BmCw@kBc@oEq@wC[}Ea@eDQsHGmBKeBSiASiD{@eBi@yCmA_BeAqAaAo@q@wCwBaEcD}AuAQS?GBILKLA\HFGBEDw@Fg@CeA@[Rw@@OBiCGwA?_ACMEGe@O
10226677429,cywbFhgmgVXIBEDOF}FESSIoCEiB@g@@GDILETCv@EzLJfFDf@FZT\bA`A`FvDjBzArBjBpCxB`DrBbB|@rCdAbCr@hB\dBTfCRvIHrDNbCNxHbAtB^`D|@zBr@dDjAxBfAtBjA|@j@l@j@TU?IBq@JkB?gA@QFIP?HDPRLD
10226678336,ixwbFzfmgVDS@y@HeA@iBFc@HKNETApB@tBAp@IJIHQAuCWgFGWGGOEs@EMKCGCg@?gDC{@C[CKII@A\KbAAj@CrBLJIj@E@EGk@EiAAyBKyIBwLGiI?kJ@_EAuCAeIB{BCk@FiDDWLSRIVC`SKdDEbCAjCLx@C|@DjAAl@EpCI`IKdGBzIEbBDhBA|@@xCEnC?xAEbD?fBCdDBp@Cp@LtCIx@@xAE~A@lFIf@D\?jACxIApACnLCrBGrBBrAMbCAn@IJSD[KuH@k@D]Rq@dAuA^m@Pg@Ly@@y@@}KBg@No@Hq@FmBEYMUkCsBOQIUGg@?{E?cBD{@DMRIl@I~@Eb@GLGHQXCN?LBVPz@hAj@l@JRVp@R\PN|@p@ZZrBfDf@l@fF~HlA`BhBxBlAlA~BbBlBlA~@h@fBv@f@RtDbAjBZnBd@~B^bB^|BZhCl@`BTt@TjBdAZFl@Dn@Tp@?TBTL\t@X^TPTH~BLvBP|BFpCPlARpDLrBRr@@RB^L~@f@pBl@pAr@lBr@|Ap@PL`@\TZr@hA`@x@h@lBz@tBj@nCVl@`@j@Vf@L`@VhAX~@pA|CR`@x@tAfAvBbAnAP\z@dDVxA|@lCT~@JRl@d@b@l@d@\Xb@`@Xd@RrBp@n@L`BR~@FjB@j@Fx@IP@PFd@Rh@d@HLj@rAn@r@ZPb@NrAJPF`@\j@\VTRV\r@^XTZH?p@e@PEHFP^HLJFR@JDdAx@x@j@h@JdD\bA@nAMx@MhCSp@A`AKhAG`AFNAPM`@cAn@qAf@g@x@e@z@y@JER?tANVJRNNXXr@XbAb@jCDb@@bA?tCAv@Bx@VrBZnAPXVNXBTEZQNYN]H]Hm@BMHM^WJ?JGNUBMAOECU@MCo@c@w@a@MCa@@[Fk@Ne@XCAAMBc@?g@CmCG_AWsBo@cCQg@SQy@_@s@GYBaAx@KFWFi@^UVKRy@fCIHMFOBqAE}AD_@Dq@NyCJoAP_@B{@@k@A_CSo@ISGcBmAUIYEOSUc@MKMAG@i@ZKBEAY[g@e@a@w@[]aBcAUEaAA]Mc@Ya@e@Wa@YaAKUQO[Ok@MaADw@KmACw@@a@CyCs@{@Oq@UaAc@q@u@cAsAq@q@KSq@iB]mA_@cBQi@[yA_@k@c@c@KQo@yAcAcB}A}Cm@_B_A{CO]i@w@KWy@{Do@_Be@iBWo@U_@w@gAYYoAq@aGeCaDiA[IyBSuAUuAKqAEu@M}@GcJa@cBEYEUKyBcB]Em@[}@Ka@I{Aw@e@QkGuAoCc@kAW{B]kAYkAScASqCw@u@W}BaAo@[eC_BmAcAiAgAy@m@YWi@o@q@}@a@u@m@}@yBmDeEeGu@_AcA{@_@c@Sa@g@mAq@k@e@k@OM[QY?O@OTIDY?WAy@D[DWFc@VILCHAt@BfCCjE@v@Dt@AnABjBClABz@A|CEp@BjA@nCGbE@jDEjAQx@D`BG|BALEDODaAA}BD{@CuDAuDB{ADaFC_FHmBAaAEk@FwAB{A?qABsAGgC?w@By@E_C?w@AoCLm@BaCAqCB{AGuEDcEH{F@aJFuDEeBDuE@eAIc@ISAsBJoADuDC{AEeBA}DDuCCoFJsBCyDFyEAqABcBCcA@m@A[Dk@TQDkA?mANk@?ULW@cCIcAY_@Ek@@i@Ku@A]Fw@OGCKKk@FMAQDAD@vBAlCBpEGnGA|GFzFC~CDlEBnPJpHEbDBpCEfEDdCGjDDrCLbADd@?~AFHTB|@CdC@lJKjEBjAAr@BLHFP@H?xCE~@@b@ALGFc@@
10226677972,slncFnrcgVJVDZLVLf@FNNHj@HbBQj@MHs@EkAFSDERAx@TNLDTGx@EfAHdBT`ALLRDdAA~AJfCf@dAZz@`@jBjAz@p@dBbB`@Vz@^n@Rn@HvAJp@ApAKfAUlFs@jE{@A@ZArEmAtAe@bGeCzA_AfAg@nAq@bAm@lCsAz@[|@O|@GbBEvA@hAJr@JdAVfDfAlBf@tATbBNbBDpBCnBOpCYRDFDHVB\P`DFdCCbCOxBS~A[xAqCtJy@bDoAvE_B`HWfBOzBEjBF|AZxDp@hFrAdIZnCNdAz@nEvA~Dv@zCpAzD`BtDbAbCnAhCXt@ZjA^`AT~@dAdCt@hCXt@j@hAd@bBRpAN~ABbBG|BQfBOz@i@`BUd@gFfJu@|A_@n@Yp@y@xAgA~Bg@rAc@dBUhBM~B?jBVxCTbAXv@v@hBv@rA\d@j@l@hAx@nBrAbA|@n@v@d@z@b@jAt@jCPt@j@hBXpAVx@n@zB\tAdDtJZfAx@dBl@lB^z@Vt@RXJPJFD@NETQDBNt@FPx@rAl@pANf@^nBd@zA@f@DRJRLBHAzAq@jAw@~CaCt@e@TGb@AJAdAg@t@c@|Cu@~Ag@|DwA~DuAzDwApAk@rBq@dBi@b@In@I|@@tALdKvArBPrB`@FDLPLFJ?`@UTE|BF`BI~Hd@rCLfBDv@GhDe@j@AzA?~@Cr@G`AMd@Cb@BnARfBJtBChAB`B?jBBpAEhAMt@Cf@@~@HnCH~AAp@@rDAl@DtBB~BKr@EtAEf@@v@LbFBjBApCMp@@vACz@@tCI`@Bp@F~@AbAFfCUjAApABr@JT@tAAhADfAEn@BjE?PGFGf@_AlAeELk@Tk@pB_Ib@mBPi@JMDCPDhAz@`@Rb@Lp@DxB?lCCrD@xBEp@@p@AhABb@ChA@~ACnDDjME`CB`AFzBKfA@rAExD@nEAlC@`CChGB|AC~ABlACvEAb@Cn@M`DoAl@SpBy@hAq@^SxQkHrBq@~Dk@hBa@ZKZSXUzCcEFGJEF?NDZPjExCnBzAlAhAt@f@dAz@z@n@zGlF~@v@T\\XtHzFhAbAxFdEtD|CrA`AjAbAFLtA`AzAx@z@h@rAfATJF?LGFQ@k@CmB?y@DWNORAl@BlBG~BCdFChABlBIhB?d@DLDHLD\AhBDbAAhAEH]FKH
10226677784,gywbFvgmgV\EHKAuAFgABkB?UEOKGGAmDBuACq@RKTCxAFrMApACXITGFI?IAcAw@aDkCwEmDaGwEuDaDeBmAaDqCkAu@uB_Bi@m@yB_ByA_A{BkB_Aq@uAoAkDiC_DiCyB_BcDoCkF}DgBcAs@i@WAWJQNkCzD_@b@]P_@LmAVoD^aAT}F~BeDtAu@Vi@T{DxAg@VwA|@UJeGzBk@JyDFiFA_ACa@BmEAoGByB?_FFgIEaAKyAHoABiKDgAAoCBqFEqBDeCCkDF_HAeACo@I]Q}@u@[SOES?QJS\U`AsA`E_@xAo@fBeA`Eg@dDGNKBeIFeBIsAAo@Ic@?}B@u@JuAHaCKs@Ge@A{@FuBJyDAmGBm@A{AI_A?s@IWAwBHm@Hc@?yANaABuEKmCC_BBeAGuAOs@CgBNeCNw@@{CEoB?eAAoBQsASWCa@De@PQBeBFuBA_@DuATyALi@@i@Cy@@_Ha@kBUy@EW?kAJ_A?uAEE@CHOHOBQGSUOGyC[aGw@aAI_De@kAI_@@qAPw@PyFvBu@TgBn@eDfAyChAoDhAuBh@qAVw@j@e@VUHi@BSJ}CpBaCfBw@l@c@j@G@Oy@IMUQMQk@cBmAwEiAuDg@iAiBqEqAmD{@kCqAiE}AiGg@cBm@_CqAuE_@y@kAqBY_@[YmEoCm@g@s@y@aAkBu@wBU_AWiCEyBDu@VgBd@iBv@kB^o@j@sAbBiDbAmBhAkB|AuCr@uAz@gCd@yBPsBB_BIuBMyAMq@g@mBWk@i@eAqBsFK]?c@iAgDm@oA}@oC{BgFa@aBe@eAUaAWy@_ByDg@}AYiA]wAe@aD[_Ds@iFYcAIg@cAqICuA@}@FsAFyB@YL{@j@oCvAyF~@iDbBeH|@mD^aBPwAHw@LcCCwCCm@QkAGeDCSM]KOGESEU?mCVaF\y@?mAGu@IuCk@oBg@qAe@iBc@}AUeAIi@?}AB_AFkBZ}@XsCtAuB~@cAn@gA\uEvB}Aj@o@Jc@Rc@L}FtAuB`@}@ViC`@uANkB`@]Da@@a@CmAQo@QeBcAc@_@y@{@aDwB_Ae@}@]gA[cBYyBSqBBqAPgB\eBh@oAf@QDMCQYWgAMeAAa@FQLKtAOLGHI@SK}@Ca@@OHO
10226677572,clncFtqcgVCDFZ@TVjAPN^FRFL@XA~@Mh@MFu@AeABQDEFCR@p@PNJDR?VK~@ClAJdBHVFFFDRDbA?bAHlAPlAV~@VfAh@tA|@rA`At@z@l@h@^Vr@^bATt@Jv@HbA@t@EzBc@`@ClASpAMxFcAjA[lD}@XANF@F?x@VxBd@zHFvEHjCJ~AFxBFlE\`EnApKRfAr@~Fp@~EnAtFt@|Dv@tCn@hBVTTFVBTAxCUh@?lAUzD_Ar@OxBm@n@KLINRLv@Ld@JRLPr@l@xCrCtC|BtAxAdB|Aj@l@RPRH`@J`@HT?XG~@m@d@SFAPD\IJR
10226677562,qywbF`hmgVJI`@MDM?kAF}DCSKIQCcA@{@CkCFSDKLCTEzD@rDCrGEVGHGBI?SIeBsAsFmE}@k@{AmAc@YiAcAqAaAuCeCgAw@sCeCaBqAaBeAqAiAQEk@i@cCoBaDeCgAs@sAeAeCsBmIuGkB_BgDiCwA{@mA}@s@c@w@m@G?c@BQNyB|Cu@z@e@Z}Ab@_Ef@oAZwChA}@d@kAd@uBn@y@Zq@\qDzAyAx@}Ar@iCz@_Bn@i@Ha@BsAEqB?iBCaBFaBAqEFoA@}CEoCBsACiDDuBAy@DuA?Y?aAI}OPwAEmBAaCFkFEoA@aBC_ABsCLmFA{@Ao@M_@SsAoAk@AMFEFi@~AeAbE{A|Ek@rBq@nEILIBo@CaCJcDAyCGyAMkAAgA@o@J}AJiBGkAMgAFcAB{@FyBAcBBmBHeA@aFKqAQ[A_DPaA?{AH_D@oBEkEDcACoBWi@Ce@Bo@H_ABkAJwFBiDE}AOcBWe@C_@Bm@JcAHw@BeB@iEd@iAE{ABgBEq@I}@AcDa@i@Ec@BgA\cCSM@ELGDU?MESUKEy@GaGs@oASiD_@eBYw@G_@?aAJ_ARkEvA{QzG_ElAkBXgBfASFi@HSH_Ap@_C|A{C`CW^E?Um@k@u@e@kAYgA[eAYuA]qAQ}@Ye@Sk@e@}@c@eAcF_NaAeDm@iCaC_JqAaEw@wBe@}@m@o@yE{Cw@q@g@m@w@yAs@sBa@aBSeBOoB?eAVmBb@sB`@iAvA{C`AaBnD}Gj@}@d@cAp@mAv@cBl@sBNs@RiBHaB@qAEcAUwBYmAi@}A}@oBa@gAuA_DEQIgA}@iC_@iA}@uB}AoEq@}ASo@_AoByBiGi@eBm@sCSoAm@}F_@uCa@gCYuCe@wCS{BGcB?i@BoAPiBh@aDhAcFJ}@|@mCd@oAl@oC^sARaAz@iDLUd@qAFKZU?GGCK@]H[Rm@f@{BrCoFfFmAvAkAfAmArBo@|Aa@fAi@`AY\mJnJc@ZkAp@u@VuA^a@FkADcBGaAOi@M_@Ow@c@[U[Yo@y@W_@o@mAeBsEm@oAY}@Mm@GcAM{@c@}HEyCYmGIuAWsB@iA{@P_Bd@cB^qA`@gEx@kBR_@NKWAs@IIYBMD_Ab@iAPo@Fi@?y@Ea@Iu@Si@So@_@_DmCqAy@uAo@q@YgCu@mASmAMeACqCDsCp@]LmB~@SFQAECKQU_AM{A?a@FOFCdAKb@KHIBSQcBAOBE
10168420047,eb{bFlf~fVx@o@NU@]Cu@M[OQSc@[i@qBeEK@u@`@g@f@sA|@_@No@NMBMCSY_AyBcBqEQw@gAsCCY@MLSh@g@~@y@jBqAbBaAtGiEhFyD~@i@pCuA~CmBnAcArCoBh@UJAD@VZ\t@xBhGDN?JDNx@lBPp@BXCTOXa@f@sBfBoFjD[V_@f@MJw@b@kFjD_@PEN`A~Ch@pBjClGfB|EbAxCp@`BZbApA|Er@|Ax@xA~BrGnAbD\v@x@lCJ~@FbCNXLDT@hGY~CGT@HBPNDLD\BbARpDJtFHjAG|AFhCCfCBz@FfAL`FHnE?xAHzA?|@DpIRvH@jBAn@Kx@Of@qBlCe@h@kA`By@|@aEnFy@~@oA`Bw@x@qBjCCDBAU^aBxBkBdCu@z@kA~AsAvAiB|BcDnEqEjF{FrHwBlCm@~@w@bACLGj@?VHTRR\Tl@T\Xh@p@l@bAxAhBz@rAp@tAn@xA\n@`C~CvEvGlBtC\j@vA|Ap@bAv@dAl@`AVb@Rd@Tv@Rx@Nv@H|@PdFCnLHbJElGDxBCjCBhAEdG?vGFfBFx@Hh@X~@HdAPr@LJT@zBGnBB|@CpABrFEtDEpCFl@Az@@zCEN@DBHRBXAlBFjD?zDFrICnCDfBE`FBbIDxAChDBfCAjADdEC|AApG@hAC|BDzA@nIBfBEfEDfBC|@Kf@BLBHX^NHHC@C@QAa@CeDBYDIPI~D@hBEjHCrFBRDHDJP@JAfBB|CCHIDe@F
10168420053,mywbFpgmgVb@SBO@}@JmDA[CMEEOGq@EwBDmA?YBQJKTE\B|@CdH@pBClCEXMPI@UEeHuFaFqDq@m@wCyBoCcC{FkEsBgByAeAsFkE}DcDwAoAQSIYImKBmEA{FEkBF_ECqT@cLA_FEkDDuBImAe@eCGo@Co@AoEBqFC_PByIEwGCuOE_AI}@Y_BOg@c@cAg@_AkDyEkJyMyC_Ea@q@qAoCu@uAcFaHe@e@}@q@OSEW@KJUb@i@zA{BjBgCxAcB`EkFl@s@nEuFzAuB`@c@`DeEv@}@zAyBnCkDV_@BIEMcB_Co@gA}@mA{@sAcCiDgAgBwDqF[k@@O\g@h@q@pAkBn@o@Zi@l@u@BIKg@[]{A}BwBwD[s@EYCg@?s@DaA?k@PG?B
10150963006,alncFrqcgVP^?ZVvAJHx@J^Cd@Kf@CVGJu@EmADQDEHAT@t@TLNBVOxB?zAHj@JTHFFDVBx@@dBJtAVfBh@bAd@rAz@j@`@pAlAlA`AdAh@l@Rl@Ln@HpADp@AlAMl@KlFs@lAS~EeAnD}@\AD@FJBx@Jv@HjAd@~JDlCThEDvA\lCl@fBrC`Ht@nAr@~@x@p@^Rj@Vv@RtBVrACn@EdAQz@U`Aa@h@]~AwAbIuIj@cAjBiETa@Za@rAwAj@s@dFcF~@}@JCD@DVCv@E\iBpG}@jDc@tBeBbHOv@YnCElABtCP|C^~CpBxMHl@@j@BTn@zDd@jB`BrEl@~B|@jCjBjE~@`Cv@~A~@zBl@hBRf@zAlEt@jCtA~C\|AZtBFv@@`AOfCOfAc@nBc@lAYn@y@xAmCzEoC|FyAlC}@xBQh@]~A[~C@bDPnBFf@d@dB`AzB^l@r@z@r@t@fDzBlAfA`@d@RZh@hA^dA`ArDd@zAf@rB\lATl@r@rCt@`CrBfGXx@r@zAlBfFNLLBNAVMFBNhAb@x@|@dC`AfDTl@DVHv@FNHFF?HCpAy@vAeA|B{AnAcATMj@ITIrBaArBa@zEwA`Bs@v@UhEaB`A[j@UjA]jDkAx@[nAW`@E^AVBlARvD`@xFz@xCXb@LTVLFNETOJAnCDvF]d@?\@hCn@bDVfAAfD[x@EbCAzAGVCdAW`@E`@Bt@PlAPd@BbA?|AAv@Gl@@n@C`CJ`AE~AOt@C`@@lANtADxFB|BDtEExAKd@AlAB~@F~EEzKBlAGz@?pAK~@HlA@t@FxAKr@KVAxBBt@DjA?p@BhA@dAEjAF`AB~ACNK\s@TcA`@qAXs@v@mCp@sC^sAv@}CNc@NOFARFbAv@t@X`@D`DFdCCtCB|@?|DObC?lGJrJGfB?bFJzBEv@G|AChEF~BCtH?`ECtAB`@BfEK`FAz@BV?j@MrAk@dA_@TGTC`@[`Bs@jAw@\Q`Bi@tF{BtAe@hEcB~Ae@pBUt@M|@QfAYd@YPMh@}@dBaCVWPCJ@PJxDnCpC`CvAhAnAx@xCfCpCvBp@d@lFlE|BdBtDxChAdAlCdBrElDf@j@`Az@dAdAp@`@`At@~@\pBxALDXELMBK@[CqDFSNMRCpG?v@EjDEl@@~CARBFP@vAC~@@n@HrABHFBj@?FH
10150962688,oywbF`gmgVVAJKDQLaB@_@A{BEQCGGEUC}@BmE@MBKTEh@BzA?fJCzCEXMRIDK?UGuHeGwAaAaBuAa@U_@]eBqAuD}CyC}BsCaCuDuCk@m@wHwFgBuAqAiAo@_@oAaAeCuBkBkAaDoCyAcAkBaByAu@}@w@s@e@y@s@MEUFQLs@hA{ArBo@r@_@TkBb@oD^gAXuFzBw@^{Ah@_G`Cu@^iBdAYJ[@gBr@wAn@m@Pm@L_@ByBCoBB_CCmFDiCAcCFsB@{EGsBDcB?_GIuEJqBAuABmAC}@@yBCk@BcEFgDEaDBi@AeAF}B@}ACq@@wCEmB[[QoAcAOGG?OFU^cApDqBbGmArEg@rDGNKBc@AcABeBCoC?gAEiA?eBKcAAaABsBX[BmBMw@I[?{BHgAHsFA_BD{DAs@GeACaAKqBF}CXgADkDMaCCuC@sBMcBSYAYBaAJ}CPeCAsFD}AKeASg@E[@}@Nu@DuADgA?{CVeALwB@wACeBIiCQaBScAEiBDqBAMDCDAHSFK?SMSUQEgAKqB[eJkAaBW_AGs@?q@HgAXaE`B{Af@eFnBgF`BsBv@aCl@}AVUHo@d@w@^UH_@DUHmDjCkA`AiBpAMNE@CEOw@KMWSMUsA_FqAkDm@wBqC_HaEmLgAcFo@cC_@mAc@kBaBeFa@_Ai@eAU]W[]YwAw@eBgAkAaAw@aAi@gAs@wBe@iCU{AAk@@_ABENeBTuAZuARg@bB}Cr@yAx@qArD}HfCcFh@}AXeBP_BDwBC{AKgAc@mCKa@y@}Bs@gB}A}CESBI@i@}AyDi@{A{CcI_F_Mq@mBg@gBYgBWgDOgAWmC_@iCYuAe@gE[cDKcBAcBJcCRyAt@mDj@}B`@oB|EqRf@gCNgARcCDkA?q@C_AOaBGwCIqAIWOSKGWGYCmFj@cBNkAB}@CoCa@}A[kA]eBm@{@UqAUsAO{@CmB@gAFoBVy@VqG`Dw@h@s@LSFi@Vi@ZmAl@eDnA[FgDbAgB`@kEv@}@TiCf@qDh@c@@m@CeAQa@Ky@[u@a@s@e@mBcBgC_BeDoAuAW}BS{@AeABkAH}@L{A\y@X_Bv@Q@GAGEIOKo@O}A?i@FONKjAQPGJK?WKw@Ca@CO
10150962894,qlncFbrcgVPn@N`@F^FPLHz@BxBQRE?w@I}@@UDGDCP?x@NPFJN@JOpB?t@@l@H`AJTPDt@@tCT~A\h@P|At@lBhAvBlB`At@lAh@tA^v@DbABj@EtAMbASrFs@fDk@tD{@jBi@PCLDDJBt@XlCV`GFhBDdC^tIHnFn@~FTtC\fD^pCR`Ap@pFd@rChAnFr@rDh@pBf@bBN\RTRFTBT?|AKvBE~GaB~D{@PKLRJt@Rp@Zh@z@n@xDpDjBxAlC~B`@\^^b@\TLn@Pj@FRARGbAi@VINAD@JJ^hAzBhFlAhC|@fCdBhEbAvD`@bAd@z@Pb@VlAZfCDv@@`BGrAOzAWvAMd@Yn@{@`Bq@jA_@t@qCfFc@fAg@`ASl@i@nAaAhBw@`Ck@nCMdBBtBVjDb@fBn@bBXn@v@dAp@x@jA|@hBlAlAdAt@z@j@dAp@lBT~@xAfF`@fBlC`JfBhFp@dC^fAjAzBj@tAHFLDN?ZGB@BHHx@FRz@~Ar@fBnAnEFX@\HPJFLAxA{@|AeAxA{@lBsARIh@KRGhBeAzB_@~Ac@|K}DpAi@jCy@pAk@fA[zAk@hAYr@I^?t@F`BTjCXbFv@bE`@JBRVLFNAZQLCh@AhAFlAAbBKlASf@Ab@FfAZhAVtALxBFh@AdCWfACbB?xAGbAKjASb@CT@vAV`DRp@@jCEhEFfBSbAGzAH`B@bAHl@@tECrFHx@EVCr@Qr@Ex@B`AHrBB|@Cx@BnAHxCD`CK|@?hBGz@K^AlAJ`BBn@Cj@?v@InACvA@x@HjE@dBDnDELENM^w@b@oBlAiDl@_CtA{E\cBN]LMFAPDfA|@d@V^Fj@B|CCzCDbB?nAE|CB`GCtB?fAD~BCzE@rBCnBB|@E|@FlB?fFKdEAvDDfLAb@DzAIhE?lEFh@Ch@MlAe@nAm@j@STQbAa@fAs@t@_@`C}@pC}@t@_@jDsAbCiAfBe@zBWr@MzBo@ZQVUj@w@|@gAp@cALMPEF?PHlB~A|B`BjA`A`DxB`ErDfAx@lB|AtA|@r@p@fBrAzApAnEpD\T\\l@^h@b@|@b@\TpBfBpAz@h@n@vArAdBfAn@XXPtAfA~@|@\LH@LEJSBi@C_B@mADUNIRCx@B|A?fBGjBBrCG`@?n@EhB?|@Bz@CP@LFHJDN@nB?`B@r@?FGF_@BKD
10150962564,aywbFxgmgVXEHIBQDwC?}AC_@IQQIUAy@DaD@[BQFKLGf@?vDFfFGxDIf@MNQBUG{C}BqBaB{B{AiB_B_@_@{C{BkD}CmAw@cAy@aBkAuBiBuAgA][]O}FkE}EaEgGsEgGcFmCoBy@q@]Ui@Wy@q@_Am@w@o@o@k@]@QJoB~CaAnAQNSLUFiBZkCPgARa@NqCpAwGbCsGdC{@j@sAn@oAd@sAn@aBl@a@HoDAoBDcACqB?mAD}BAkD@iFEmADeAAoDBuGAeAGyBFmO?yAF{MEsDBsAFsCCaC@a@Cm@Q]SoA_ASIS?QLQTYfA_AvCy@xCQX[|@k@pBYpA_@`DELGBu@AgHBaAEeBC{@IqCEUBg@LyALsBIo@GWAaFPqDAoCDsBAcA@y@E_AAmAOe@CoADq@J_BNeABeAAy@CsIIyAIoBQYA{C\g@BwDEgC@iABgACuAOy@Oc@CU@gAVkBF_CBiCV}@L_@?uCEuDSoBScAOg@Ec@BcAJkCEMDCD@FOHQ?KE]]k@KsIeAsAMy@OgC]m@Em@?cAJmAZuGdCeEvAqEbB{EzAyD~@SHc@\w@f@w@JSJsElDmBpAo@l@E@S}@KQ][KUyBcIo@mB{AwDoBwEsB}FeAsDaAgE_BeGs@_Ci@qBe@uAw@sAm@q@a@[uBmAqA}@kAeAq@}@k@uAe@}AYoAm@yDAWD}@RmBRoAj@qBjAaCbGyK~DkIb@iAb@{APsADcBAgCQ}BGg@k@}B{AyEcBaEgCoH_@}@a@oA{@aCyAmDeC_Hq@}Aw@mCu@{EMwAe@cEeB}LS_BMyAEcC@iALkBL}@vAsGp@oCl@oB^gBz@cD\aBt@yCZaBZ_CPiC@eAIeAQcGIuACGQYQKSIa@CuGr@}ADcBA{BYi@KcD}@}@]iDy@eCMyBFu@FwANcAV}Ar@}@f@eCfAs@f@wA^aCdAmB~@c@PaAVmAd@wA^{Bh@}Cj@eB`@sATwALwAXaBNa@Cu@KwA_@g@Wq@c@kC}B}AaAkCmAi@QuA[aBO{CIk@@kBR_BZiA^oAl@ODM@KKQm@WoAKcABQLIPGt@Il@OLKBOC]GYOUIc@
10150962403,}`sbFfeqgVZBHEFMJq@JKDAFBx@bAfBnBhEfFb@p@FXY~DIxA[pDBl@Ib@C`AUjDQ|DQrCQxE_@vEQfDEfB]dGKjCQlCM~E@zAGvC_@pPGfJMnGKtIKbRIvCAzCIzBSxOEzAG~GEdRErA@lDUnN@`BH~BFj@Bv@NfBHfJPfKV`DHhBIvBG~CAVI\O\_@\qD`BuItCm@LeAHgABqC?iAEyABeG?wACcDNcGH}AGwEBiD?_ACuBD{FAqIBiGEiC@_ACoDHkHE{@B{@E_AD}ACQKEMEUA{@AoHBgF?mPCuFB}BCeCE_@GQoAmBI[Ca@@kP@m@NyAD}AEoG@uIC{CDmBHUJGNAtADn@CXBpA?dCAdCElBB|F@jCA~AGr@?`@GNYNg@XaBJy@B}@Am@ImAM}@k@_CKk@Eo@KkCQ_FUeMW}IEmDc@eLa@oRHqClD{t@NyBPgEHa@N_@CBAMB_BDSFEFAlCt@f@HlALnDJb@C~AWhBi@H?VRVEFKFo@Jg@xB_IbCoJfBoGR{@L}@Fm@HkBf@}QXgGb@yLT_MD]VmAHu@Dy@CiABUFIF@NL^P
10150962207,oywbFrgmgV`@KDS?o@JmAAyBAOEMMIUA_E?gAB[BGNAv@DvND|A?lAJ`AHTNTz@z@|ExDhJxHrCfBlCvA~DxAbCh@~AZnBPlCJnD@rCHhAJrADxEd@`Fp@`Cd@`B^bCv@lBl@vAh@rDjBlBjAxAfAtAz@|AjAd@f@pAbAdA|@jDrDlJbLz@hAx@x@fEhFt@t@`BrBtAzAbBxBbBrBLRHR?`AC`@GRI@CE?IK?
10120892042,uihcFvgngVCCLk@GsA]aDaA{FOkA?IFABDDl@JZBDJAjCsArA{@hAw@~@y@b@YPIh@IPIx@_@d@Yj@QlB]fA[vHsC|@U|CiApAa@`GyBf@Oh@MrAMt@@bC`@lEl@|Ef@rAR^HFDJRNFTCTQPChCBbBGv@A`CXhDV~BHrB?zEe@~DIv@Gr@Q\Cj@BxB`@lCVrBGpC?~@Bz@AnC[r@EnBNbDLfA?dBGhBAfADjBJ~@CxAUfAG^@n@Jz@?l@BhBEhB?n@CdGAz@EtABvAKT@n@LnBF|AIhAKpCAv@BjGJ~@C~@@~AAXYZo@f@kB\eAVaAXy@x@gDv@oCf@}BN]LIHAPF|@v@ZPh@Nj@FxFEpBD~@APBlAGr@?|ACxB@hBFpB?p@Ct@DvACnFA|AE|AFzAGrALz@AhBDpBI|@AbB?~@DdA?pBA|ADxBChAGrBEpBFhECbC@jAE|@B\?\Gp@Sp@Kv@_@f@Qn@_@vAi@tBoAxBy@l@YbA]pB{@xBw@|EkBjA]jAMp@Op@I~A_@^WTS~CgETOL@^TpJhHhAbAj@l@bBjA|D|CxAfA`FfEzEvD^\p@d@\b@jCfBv@r@r@Vf@j@hAv@Th@XXdAp@h@l@JFbBv@r@d@bC`Cp@PLCJMDUBoCHeADQDGLExAChC@bAEjCCjA?d@D\CfCEp@DnA@JDJRFxCGx@?n@CHW?EH
10120892275,qywbFlgmgVb@CJCDMH{B@{@AaACSGQOMSA{ADgD?MDKREb@@hEGvKCVMNSBSIcJ_Hs@e@mLoJaBmA{CoCmAy@aDaCi@i@qA{@uAcAyEaEoAaAg@UeAw@wD_DaDaCiFiEwAcAqAs@m@g@kBoAQIIASFSNoC~Dc@b@]R_@LmATyDb@u@PcG`CgDlAoGhCkCzAs@TiFrBi@LeJA_DBcADwHEcA@uEAcABwH@uBEUE_@?aABqB@aABoGAmBDyB?mCDmA?eACkFA}DH_DCi@@aC?UA]M]UsAkAWKK@UNS^{@jCy@tCWhA]`Ak@rBa@rAS`AWxBGLKBoIF}AGuA?q@IgD?I@]J{@@WFy@GgACs@IYAqAJq@@u@FsDCuIDiAGy@?eAOe@AcADsE\cABmDKcBAmD@q@EoBUi@Cc@BgAPcBFsCCeG?{BMiAQc@Ce@DaAP}AHgB?yBPiBR]@cBCcAEyE]yBSgAGmA@i@BcB?KFCNKBU@KE[Yk@OwMeBaCWaAGu@?cAJ_@Jq@X{Af@yG`CoFhBsFrBs@R_C`@_@JqBfASFe@J]PuA`AkBhAsC~BSZC?GUWY]m@KSc@iBkB_JQ]YeA}AsD_AaBmAoC{B}G}@yDiBkHy@cCi@wB_@gAMYOYqAsAqFiDeAgAY]Wc@m@uA]qAu@eFEm@?{@K_@UOuAQiAWe@OQMQMaDuDc@c@}C}BcA}@WYWi@SUwAoA_CaC{BmBcF{EYQUEeACg@G]SS]EWAYAwDHaDAiEDwHAcAIkHa@qHEyB?u@Fg@Jo@|@cDXi@NOj@c@\e@Ja@?y@HQBAQ{@MMGAkFTe@AUIKOQa@{@mCc@cBiBmJu@kFq@cEmAwJYwCi@mGIcF[oIGaDY{GKqAUwBEw@MAU@}@X_E`AoFbAsC`@GBAYIa@GGGAYDm@\e@LoANk@Bm@GiASs@S_@MmAu@kAkAw@o@oBqAaBu@mCq@uCQqAEi@?aAHaBPqAVi@NqBv@OBEAIK]gAOgACe@FMDCv@Ml@OLEJIDM@YIi@KM?i@AG
10120892008,klncFhrcgVJn@LPPv@NJt@L~@G`ASBEHc@@UA}@BULIRATDVJRPHVA\Kx@Ej@?d@Bv@BJLNH^LNRFfACdAFfBZpA^xAj@~@h@z@l@vBpBd@\h@Xz@`@v@TtAN`@BdACz@I|@QtFo@`F_AzEmAzCgAxCmAbCwA`By@jBgAdCoAx@YhB[jBKp@AfABz@H|@Nx@PvDpArA\pATrDZtA?jBIlCSlAOP@LNFXPdCNpDE|COfBa@`CWfAyCdKqC|KeAnEWdBMnBGnBDvA^fEl@rEVdBz@|El@pErAfHj@pBr@tB\|AhAnD|@bB\|@h@hAh@`Bn@nAp@vAbArCnAdDbAnEp@tAn@|AXx@Hh@LtBE~AOxBS|Aa@|A[r@}AzCqBtC{@dBYx@EVGAEHqE|J[z@Ot@MlAU|A@vCPpCL`A`@jAnAxBv@lA\b@d@`@x@p@rBrA|AvAf@r@|@hBPd@zCjLd@zBZnAzEfNz@pCdAnCNd@PdA@@\Cd@i@HCB@\pAv@zAf@xAv@fDd@~ALPJAf@_@v@_@tAy@lE_DRK`@GTGhBaAVI`Ce@xBs@zHoChOsFj@Oz@In@Az@FlAPpCZjBVpFp@xAVPVNHNC\UJA|BBdAAdBK^DpAThADhCV~DJj@Cp@IxCWbBCv@EhAMr@Q^C`@BpATvDVdABhCA~BDjAAhC_@`@C`@BpDZbADfDG`DCfCFz@GhAOn@Az@Bx@LR@bAEr@@bAChFBbEAz@ExAA|AQV@r@HxAFzAI`AKd@CjBDxAJ|AD~DBvBA~@CTGFELUZqApBoGl@{Bj@qB|@oDP]LIF?NFv@r@RL^Pb@F~K@dEExDB~DE|C@pAErDDz@AtD@`ACp@BLCpDAnAD~EAfCBdCEjI@pBCrFCbAC`G?v@MlAe@tEoBrA{@j@YnS_It@Wj@MxAM`BUbBg@\SROxC_ETSHAF?ND`DbCpCnBbAz@nAnAh@n@t@p@|A~@lBrAtAbAfA|@XZPDbBtApBpBpAx@vCxBbBvAdCbBrBdBjA~@fAbA|BbBr@\ZTbCxB`@BVLNBRGLQDM@_@E_DBUDGPGTAdABhCCxA@|BEzB?|AEjD?P@NJHRBVAtBIjABp@CDWFCD
10120891748,gwxbF~`mgVD@DCBOASI[MMICS@YLKLSf@GHI?GEmAeA{EkDeG}Eg@c@]c@aGkEkFkEmF{DgAaAu@i@_EaDwCwBeAk@wBeBeBkASE]HSNuCvD_@\_@Vc@NuAVqBT{@Po@NaFnBqFlB}EnBk@XwAbAmDxAsBr@q@NqI?sBFuCCaICoHDeL@gAIeAB}IBmEDkAAwGBiGCs@?gAFmKA_AEa@K_@UoAeAOGQ?GBOPSb@wB`HYv@]t@Ur@cAlEWjCGNIHkI?sDKo@Gu@?iBBiCZuEYsAHk@@q@FsAByEE_ABaDAeCI_AIo@A{@DeALcCHgHGqEAeAEaBMk@AeEVkH?oCCsBM}@K]A[@eAPq@DcADu@A_A@gEd@c@@qDIgEW}AU}@GoDFoACI@GBEPU@[IUUcBYkLsAkDg@WCe@@}@H}@TePbGqGzB{Br@eCh@a@JiBbAs@LUJaAr@}E~CaAv@]d@Kq@MWW][}@mAwE]iAMi@QsAUy@i@gAs@qAoBiEcAqCeBcF}AoGyByHs@qCQi@g@iAsAcBYUaBaAeBiA}@w@m@w@u@uAg@wA]{AUgBEmAAo@@_AF{@Dm@PiA^aB`@_AxA_CzA_Dn@kA|@gBjAyBbBcDh@mAd@qAXaBR{BBs@CUBYCiAKiBWgBUcAaAeCaAuB}@{BEWMk@y@}Bs@oCgAkCmBcF{@eCaDyIe@uAYgAa@qB[wBi@yDU}Bi@cEe@eFg@_EAu@@eCLyANkAfBoGbAyEvAuFXuApAoFV_BXsBJ}A?_AKqBMoEO}BIUOQWIWE[AyDb@qBNaABiAEc@G{Ew@_AUuAg@oA[aCa@e@Eo@AuA@yBHoANq@RsHjDq@b@EB[?YDgB|@_CbAaBl@s@R_@R}@\wCr@uDp@wA\{AXs@FaDh@cAFW?q@G{@QoAg@}@q@sCiCaCwAgAc@}Ac@uB_@a@E{BE_AB{ALq@LoBh@oBx@SDG?GEMQY_AMcAAo@HQPK|AQLGJKD[I_@Q_@?WBE
10120891536,wfxbF|sqgVGm@DQHE^@LCHIH]BmB?uCDy@CeBFqAEe@EuFCi@Gi@IYMUw@cAs@mAGOEUJyAKqKFeD?oEC}ABoGCi@Iw@A]CaC?aC@k@DYn@cBNu@B{CAmBDc@LQl@_@POX[\i@LUHYNu@Hi@?kACsBB}DGaM?mGBg@FSFEPCbFC\DLHFR@XArBC|@Bx@CJEDg@HCA?JBD?I
10120891534,mbxbFrvmgV?jIEfAW`AYl@i@n@y@f@MPCJAZH~AA`CAv@Mv@i@tAId@CXAj@?bBBzBL|BF|PAnBCbBBfC?fAClCKfBF\P`@r@hAp@x@LVLd@Dx@BbB?vCEz@BNJHt@@`@H\PLNBJ@b@CdAB~FEb@CHQN_@BgBAc@BODMR?FRz@EF
10120891432,kywbFjgmgVf@CDEC_@FaDAcBq@U_FBS@QFOREJCZAvK@fBDzB?jADd@FXNVPR`HjFrCfChBtAdBzAn@\|B`Bt@X|@d@hE~AdB^tBZdAL`CPtIFfEVpAHjCZrCb@n@FrB\pBh@nA^fCz@hBr@hBz@|Ax@lAv@r@n@
9952744233,ag{bFfk~fVaBhAOLEJCLF\f@xAzAjD|@pCP`@LNFBRAb@QL@BFApAB|BD^zEjMN\JJPDr@OtGUZ@b@Hh@S^E|ES~@@B@?FzBOd@@P@FDFL@dCFPFDXB`A@hFOrCCT@HDLNJb@Dv@LfF@bCRpH?x@GhC?nAXbO?nANzJThK@zBGdAIh@Up@[l@uQnU_GzHcEdFsI~K_GlHwAtB{@`AaFrGk@|@kAzAK`@ARFTNPzA`AJJvBlCpB|CvBjE`A|A|EvGbBbC~AtBjG`Jd@bAd@vALp@LdALhE?bRBpJCxCBtHErQFdAHr@FXb@nADd@ANH\JLFDTFV@pDGrC@nDIxAB`HA~HGL@LDFNCd]DfJ?fKAjDBlC@fIAfD@tIB~EAzCDtGBv@PlB@|CFJF@HWBi@C{CDQDGNGxBEvK?`ABnCOfB@ZFLJDP?XKrDFbACHGFc@J
9952744361,{{wbF|hmgVEqBAuB@mABq@GEEGQAoABeAHKHITEdA?pKCxDELGHIDK@ICwB_BkKiIISc@_@oNwKqDuC{BaBqNeLm@[oOaMuAcAeAk@oDqCiAu@]YKGQCI@UL_AxAcB`C]\_@Ta@L{AViAHmAPuA\{LxEgFtBg@VgAp@[PqGdCm@No@B}J@wAEyJBqJCcB@kAC_BBmEAqB@mAAyCByL@{BDiCGqEHKEUC_ELsH@g@Ea@Oo@_@q@u@SEI@OLIJ[r@}AzE{@pC{AxFe@zCENIDaAA_BBoAEyA@w@GoB@o@KkAA_BFi@Lq@@YD]@cAI{AGcAFy@AyAB{BCcHDeCCaAE{@@oAUe@C_@BoAVq@@gALq@BaHSiE?aDUo@?oAPkA@OAi@Oa@CgGl@a@J_A`@UBa@KoAu@_@Yi@k@UII@KFw@r@]JgAByAAq@BmEh@wAEsB?iEWoASuA[WCY@o@La@D}ACa@@K@EFAHBBMG[C]YKEyDa@eDc@o@KuBQ_C_@o@Gq@?gALeAX_YbKyAb@mDx@UJq@f@i@VSFm@FULiIlGY\I@C?e@aBGKMIGMe@kB_A}CkBwFcEqKwBuGe@_BeAgEmBeHeAuDUm@Q[Ka@MY_@k@_@c@s@k@}@i@}B}Aq@m@w@_Am@cAk@_BSs@ScAOoAKyB@kABm@PwAj@_Ch@yAzAoCnAcCjF}Jz@aBf@kAj@kBTwALyADyACiBMgBQgAWcAuAwDwBqFo@wBy@mBoA}DeAgCoAkDcA{BaA_DuAqDi@kB_@_C[gDOaAaBsLc@oCWsCEkA?gACk@BcAF}@VeBNy@hCsKlAgEj@sCtAqF`@yAJg@V}DByBGiD@{AAq@Gq@Og@OUSSUIWEWBgAN{DZqBF{@Ac@AiBSuAUgGmBiB]sAOe@AwA@eAD_BRq@Jc@LmCtAcC`AmAt@a@RcAZ}Ar@qDvAcBh@sDbAILmEr@yA\}AXyEr@c@Dc@?o@Ec@I{@WcA_@aAk@sCmCiAq@{Aq@gBq@c@KsAUoAKo@AmBBeAHw@N{Bl@w@XeAf@QBGAGGMSS{@KmACg@@UFOFERCx@E`@GRGJKDSAWK]SY?g@
9952744179,yxwbFpgmgVRCJKCw@?}EGUOIUCw@FcB?wBCIBEJC`@?xE@`GDbFDj@H`@JVPThAbAhDjCnAjAhAv@rDjD^XbAj@LJb@n@`@VfBn@jBx@xBz@r@PlDp@rBTjCTz@BnC@nCDpBFjCPxC\ZHlDf@rB`@`Dx@xBt@dC`AnD`BvCjBd@d@Fm@LoB?_CFIDAn@ZFBFCEA
9896495708,wxwbF`gmgVVA@G@UAe@DyBCqAASIOMEQAi@Do@AmB@aABQJKRE^JdUDp@HXNT\\`D`CpC`C|AbAz@bApA|@zBdBnDzBjAh@hA^`CdAn@NrANhC`@|BRx@BdF?fABxCJxALtADnAL`@?e@b@Z[NEF@bGjAfB`@zAb@lDlAhBv@vDnBhIpFxC`Cn@h@hChCnArAbOjQxCvDfE~EvCrDhBtB@@CBB@r@~@~@~@`D`ExBdCz@jAhArAp@|@vFnGfAdAz@bAhDnDdCfCbB~AhAxAb@d@bCvBvLxLlEfEdDnD`CjCZ`@pCtCfAdAz@`Ax@v@bAhApBjB`FfERXj@dAAD@LHf@Nb@NXZ`@x@v@^Rr@XPNJRZpAd@jAJPj@f@nBzA~@|@T\\v@NRpA~@`BdB|DrF|@xAr@dAr@nABZJZ`AnAbA|AfBfDx@hBvAnCjDdGv@lAt@v@xB`BfB`BxC`CxB|BbIbIdAjB|@hBbElH`AxAtAzBfDdFp@lA`ApAl@fA`@fAZrAv@vJJ`@l@`A~@f@vAbAhAfAzDpEhDfERZLZF^vAjM@F?ADDB?BEC]YmAkA}JIc@IUe@u@gAuAgAkAyAgB}AcBcAoAYU_Am@gAcAY_@KYE[U}B[qCQo@c@mA[wAcAaBiAsCg@w@gAyAwA{BoAgCwAyBiDcGkA_Bw@{A_@g@m@o@uBiBg@m@_ByBmBcBwB}AkBcBsByAs@o@e@i@{@sAoAcCaCkEm@mAk@{A}AsCiAkC{DaHeDkE}F_I}A}AeCmBcBeBy@qAaB}DeAaB[s@[]{@}@yBmBoAoAwBwBeAkAw@u@mDmDaDiDkAeAmGqGqImIkGsGwGwGaCsCyDyD}AcB_AgAg@e@}AeBeD}Dy@u@iA_ByCoD{BuC}EcGaRaTaCaDsDgEcCyCqAwAkEmEw@q@eFwDOGG@{BgBi@[kFeCwGyBwA_@cB[qCa@o@QsFa@mCI{BK_E@eBHo@CqAYiC[a@IaAa@iAYuBq@sD{Au@e@y@q@s@g@mAiA}BeBcA}@{AiAkBaBgEyCQQMUIWA[F{C?gJCcDBOFMTG`B?hCIl@JFP@TAlBCz@DtAKVa@AIE
9877102182,yywbFngmgVNC\@FCBKAmBBc@A}BASEOGEGAaB?k@A}BJWHEDITChAAhJH~G?DEC@NFh@Lb@PR|GlFjFpEhCtBfDtBpB~@bAb@jC|@bCh@fDb@xBNvIHhDPbCPxBXJCtCb@jCf@pD`AxFrBpDdBpCbBf@d@Jm@NyB?eBBQBCJ?VT\N
9877102227,ez}bFfbigVd@BVClB{@jA_@tBaAlBiArCsAx@]bAi@bDyAZGL@DBFNLp@^fAnAxErAjFXvA~A~Fd@pBXtA`@bAh@xBtAdFVt@NTRRpEhDfCdC|C`CTNHPRP|@j@dDdC~F|En@f@rBvAvBlB|@j@rC`C|BfBpAfAd@d@dAx@x@x@hD`CxElDbA|@pBxAxBfBfAx@xCnCrBrAhCnBnB`Bt@r@pAfAzDjCvBlBh@?FCNMDKDm@?}ADcAH]NG^CpDDpKChCDtAA\DDBHN@^A|A@l@Eh@?`@AJIF]JAF
9873392340,iywbFlgmgVb@EDGBM?k@DuAA_ACsACOCEGCU?aCH{CBMDINALFzD@`JCnAGj@KVKBI@WIsNiLuCaC_Ay@aEgDyBeBqHoFgC}BsCqBsBcBiBmAW[yFiEkGmFiK_I_Ao@_BuAmA}@iDwC}CyBaBqAeA_AcBmAa@_@{AkAiC}B]_@Ye@Ug@Qk@{@aDkDgNQy@e@yAkFiSs@sB}@uDo@iBq@MYVw@fAWNWDq@DYDkBp@iIvDmEhBqDtB_@HSEKSW_Bs@}CyBuIoAaFMo@y@mCkCeKYwAiAyDm@aCs@uBAMB]Q_AKWMW{@y@Ue@CUHe@Pc@d@k@FYCMGFIb@
9852051494,aywbFhgmgV^?FGE}A@KFGLAd@@nAEfEAREJOBY?]MuIW_EEUGGEESAwABcE@qAFqGIiC@_EFyB?cAA]EOKIWEgFDoIIyCAsIEeBF{AI{Q@aFGeTDuHF]DGPGzGAtAC|FB`JOfB?hBER@f@JvAHRHPV@TCz@@fADZCfCFfWCtGFjECnMB~K@nAHbCA|HHnM@lWJtIAlDBjDEtB@`@Gz@ArCJrQIhKH|BCzGBpCEnL@jEF|DLfAPv@Z`ATb@^j@XZp@f@t@\zAPnABdHGz@Mb@?`@Bx@J`@H^N\TXXxBfC|@~@T\LTLf@RpB@`@ERCXBfEIlD?nAGIGZYrImB|`@c@hKS~GS|CIzBRhGFxDb@vPFvAHbE^|KJrGH|BFvEF~@PlAPr@`@dAJd@HfA@jAIdAa@jC}AfHk@pEyAnGg@`DcAjEyArHMt@SvBg@`BMl@C`@@d@VfDAhEDTNDFCFGF[CsDEo@Kc@UmBA[BO~@uEtBcLbBkI^{BrByJz@cFv@uDFg@FeAAwAMiAQw@c@oAMi@Ii@Ei@SwJSuFQwKIkCBUEcAAgAOkFKsBi@{QAsBLaDn@sLr@iOb@uLLaBRyDLaBp@uNAoH@g@FWFGPI`@EVGRMPQNSPc@Ji@Fi@AoIBuMI{EBoC?gFE}I@}EDaC~@kREsBDe@Hk@E}@E[GKGGKCw@Fe@@iBKkFUyDEqA@gAAeAGeBOgDu@{CcAwBaAaA[qAw@aBkAc@a@aE_D{BkBuAgAiAcACW@GHEN?`@LJCHOFy@@{CJc@LiA?_BEeA?qACEGE[CI@
9852051585,cywbFtgmgVJ?NCFGBQC{@Do@DQEi@?eBESKGOAsBEkCFQ@QHIRCZBhPCx@EZMRIBK@WIwAiAcAq@iDkC{AqAaBmAmC{B}CiCuB_B}@y@aCmBuAeAyB}AMOYUuEgDkGcF[MOKkGkF{OgM_JyG{AqAgBwAiCmBoFmEkBsA_CiB[_@Yc@We@Qi@eF{Rc@sB_B}FkBoHgA{Dw@wBcAiE_@oAIKUDmAd@gPzHkBp@qHnDWHI@ICOUqAwFiDwMy@oD[{@}BsIy@qDYaAs@mCqAuFS{AIYOWiA_AQUAUJ{@LY`@k@DQ?SGDC\GJ
9852051544,gywbFjgmgVPKPAFG@GCcGCUIOQG}EDo@BOBGDIRA\DnBBhHCdEA\IVONI@KA{NgLs@o@aBoAaBuAgF_E}CiCmDkC_@Ya@c@cFuDiDkCsAqAOWCUCiFBmEC_C@oIA{EBeFIkSBsNEaCJs@?kAGsAE]e@uBGm@Am@@m\AqGIsKFeJAeCA}@G}@M{@WgAc@oAk@kA_@k@{BsCc@o@Se@cNiRq@gAkAoCiAgBaEsFe@g@oA_AMQES?IJSj@q@~@sA|@gA|@oA|BuCrC{CVe@AKBENSRWb@[hAyAzCeElH}IhA{Av@}@lCeD~BmC`B}B~@kApDeFhCaDjDwETe@F[Fk@?k@QiGAaCASGMAQMoDMyEE{ESuLBaAL{A@m@BsESeGC_CEu@Ka@Ge@KuCCMQYOOWGkAGa@K]Q}@s@UMc@Mc@Ic@CqCLg@CqDT}@AgADm@?OCR[
9852051347,kxwbFdgmgVLAFIDmA@uAGoBCQOKa@E}EHy@AqABsL@c@CSEMOCMA_@C_UBsFEuE?iGKcj@BcCC_HBmFAwADs@ECm@?g@FuDFi@Bg@?o@DuGAo@EICCGAoMB{F?uNCi@k@sFEsAHsMHkBNsBBaAA{CEgAE}D?gEDmDAmAE_@kAgE]cBeAqBiLkPuBgCwC_EkDaFgDoE_BeC_@o@Ma@@ILU~GkInFqHdC_DnAiBHS?GeNuRaCuD}@oAQY@ODI`@g@r@m@TUfCgDz@wAaBwBwDcGSi@G]Eq@GcFQgGa@yHBq@O]Wc@sE_H[k@]_AAIBKs@{BYoACY@WJUtE_FpAyAFSEU{BqF}@mCi@yAEc@@{@CaAEgACQKIG?k@\O?EEyBmFCSO]u@yAq@iBCODOt@e@fA_A^Qp@WLCP@
9852051356,axwbFjfmgVF_B@yACuAGQEEICWAy@BuDDYBMFEFEV?vNDzA?dCBh@FXR^ZXrDnCrJdIxEdDz@b@fChAjAb@jA\zAn@h@Lv@HtF`@fD@fCDdENrDVtANBB~@JdDh@dCh@vDhAhA`@vClAtCvA|BxA|DnCfFbE~A~ArD`EtDxEjBvBfHxI~@dAjA|ApBxB|CtDjAtAdAtArFxGzClDtExFlBtBxAtA\l@Z\zA~AzAjAb@`@v@~@tB|BzBvBrDzDxFzFjEbEhChCnH|HpB~BxBrB|CjD|B|BfCxBlCnCb@j@nAnBdB|CdC~DtAxA`CfBlAjApGtIrA`BfDtFTZNXJ`@ZWDMEUkAuBeAaByBmCkHyJcAeAsCyB{@y@q@y@]i@c@y@k@wAs@}AiByCsEaEaCgCcF_FgFmFSSMG[a@gDeDmIyIaA_AuLwL_BeB{B_CwBgCeCcCu@w@iCwBiBeCmCaDq@s@CE@Ii@e@Ui@yBsBqBgCw@iAeAsAaEsE_FeG{DkEoCcDkHaJcBiBcBsBwAaBiFiFiBwAuDmCGAkHiEw@_@qDsAeCw@iBg@w@Q_Dm@wHs@kHWcHEkBOmAMiAQoCq@cAc@{@WeBw@m@Q]MsA_Ao@e@_BuAwD}CaA{@{@k@{BoBCMDm@A{A@mAC_@Oc@CY@iDCsABq@DITEN?N@DD
9785327524,cpybFpqofVQXGP@VHXdErGd@v@Pd@TNn@rAtCbFx@nAbCdEhDjFxCpFFXCTEHeEtEeH`HyCpC{CbDiFfFyApAyB|B}F|FyCnCQTkBfBgDjDwBtB{ElEmAnAaCvBqArAqCdCcCbCkE`Ei@j@{@vAQTa@ZaB~@wAhAc@f@wHrHsAvAaDtCoFtFcCjBsAtAaDvCuBtB{AdBuGnGmAbAeCfBiAjAqAbAVJfAhCvDxJ|BtGv@`AzBrBf@l@l@~@|@lB^lAVlATrBXnDX`Bh@`BnAbDdA~CxAtDzAxCbDlFvChGhH~L|@dB\z@Tz@Jl@AZKVg@d@{CtBiDvBIL@Hx@fBrAdDrDnKnB|EhAxC^jA~@`C~@tC`GdOzApE|DxKxBhFzAfERb@f@z@l@jBbAnCjApDdExKdAbEHPl@x@NXj@nBTb@hAtDlCfGA`@^jAv@`Bt@rBNj@fAbDNZHHDNFl@D`CBVHHPDl@@tACzGWj@AT@FBJNHXFn@N~CXzCDrAEbFElIHrC@dBD`BB`FNvG?jBDxA?CCA?JJnDFhEDtAAv@Ov@KXW^wA`B_E|FiCxCgDfEu@fAeAhAq@z@wAvBsAnAi@l@mCpDiArAoBxCkA|AeBtBaC`D}@bAiBxB}CbEaCvC}A|BKTCXDXNTdAt@n@h@r@x@dBxBfAdBnAxBv@fBT^hBhC|@dArCdEbBxBvBxCr@jAlBhCh@bAd@jA\lANv@Bj@BhBHrBAlHDnDC`EBhDEzBGzGFxECdFBxCCzCBh@Fv@`AxEFx@C\Un@Cp@B~FAdFBxBA`C@rM?|KA`CBjIAfBFvC?|E@v@DVDJNRlA|@vDxC`B|AdAv@Z^T\b@N`@VpAhAzB`BrAfAxAbAb@b@r@d@bDfClAv@XTZ^TTrB|ApEpDxAbAjAdAjA`Ar@r@@??CMaCEaC?aJCcE@_@HONIH?p@?|@ET@LHFV@z@?vEBHHB\DRA
9785327339,s{wbF~cmgVKsAEsBEOGGQ?_CDOBEBKNCTEnBB`JCxDCNMRIBKAQK{GuFaFqDsAmAcFgEUAuAgAuAaA{BiBwAsAu@i@u@c@m@m@yGkFmDwCOKKOCe@C}BBiMCmTBqDCkH@oC@qNIqEB_BDcAGgAk@uCIqAAeEBmKAuGBkACuA?}U@oDCyEImAOy@m@{Be@iAi@aAcDmEu@iAkDsEgCuDeDqEq@oAm@wAoAyBgB_CoBqCc@a@_Aq@SWCQDSLS~AuBjAuAnBmCtGeIvB_DvB_CfB_CvAqBxBiCbG_I?QEQ{AiC_CcDyC{EoD}E}A}B[]OIICWNYXd@YXUh@{@~@mAt@o@HORm@VSAM
9772200902,ckfcFvwahVRiA|@gDxBkHf@sBbBgFV}@PcAf@cFd@aC~@cD|@gClBcHrAoE`AwDXkAA?nCyKnA}F|@oD~@uE^uAz@mEr@aCn@eCn@_D`@}B`AcEj@wCtD_PtAmGxBeJj@oCHo@jAuEl@uCbJm`@z@iDnAqF`@yAXqA^yAPg@b@cBbAaDRc@jB}CVs@f@_C~A{GZyAD[~@wDVoAhAeFfA{Dv@{A`@i@f@_@fCyAx@i@h@i@b@w@Tq@Jg@l@sD`@cDRs@j@wALi@Ju@T}C\{CLy@VaAl@}Al@aAp@}@xAuA`@g@^k@n@sAh@cBN}@LoADcBAcC@wAFgAVoBFgA@_CE_DBsB@cLBy@HgAHi@Nu@h@gB^{@Zo@t@iAn@s@d@a@|A}@x@[l@Oj@GtAG`AACAPAVKPQDMB_@I}@Ey@Oaf@CWCkB?wHGqO?yHEyF?qIAu@Eu@PkFJcBJgALu@Nq@t@oBh@aAx@cA~@}@v@o@fHiD`@a@Zi@Z_ALuA@yLDULMZQhGgCt@c@\Y^a@\i@Pe@La@PeAx@uCh@cCf@eBt@{Bl@}BPkAJcB?_DDuANcBVcCFw@BoC?wNDwAF]RQh@CtBBvKAfBA~D?zDAbEB~DGvG@pBC|H@pBChJ@rECnC@^C^I|Ai@pBy@NCHBDDL\xAhHf@~APVPDH?l@Mp@UlOeGnDsAvAo@nBo@BEBQMsAy@mDaAgDCS@IBILIlCg@RG^Sd@c@lCcEJKLCNFPJdEhDhGpEjC|B|DzCvB|ArBjBlEjDlCzBlF|DnDvCtA`A~EbEnAbAzAdAzFxEzDzClDxCd@j@LHD?FE@@DMOcCCgA@gGEmID_@HMPCr@@fAEJ@HBDLBlACv@@hB?j@BFDB`@ELBDB
9772201011,u{wbFnfmgVEw@HuBC[@a@AWs@e@SBwA@_@LIJCFGlAC~A?~GEjEETEDEBQ?]MaAq@{CaCmAeAaCiBuAiAk@w@ANH~C?TE`@@JJL@ZAl@@bAId@Fz@@zRBpBC~CNpdA?hX?h@DN@`F@zJAzAFhBErBAnPCtC?|@FlBAZ@hEEhC@nCCjBDjMExDJzGBdFDjXEp@DpC?pJA|BErBDrB@tCElEJ~G?bFC|@B~NBxBE`TD`KCbMFpE?bEApDEvDBjGCvG?~DBtB@tKCjEDtBA`A@~CDzC@jEB`AIn@A`FB~CAtCBdIDzA?dACfCOnDGxB?~UJfCf@|EJr@x@zDd@tCTpBNxBJnC@lFBrBC~GB`@@FHDFGBQG_BJoB@yFCeBKeDOmBU_B_@_EoAiHa@sDMuC?}BMgG?aDLqJPmF?eFJsCLmBBcAKmC@eAD_@Bq@GwME_EBgZEmE@m@CaPEkCFiFC{QDmCA}ACiLGoHDoEEaEDwLCqFDqGKkGFyGE}F?}BFiEGeLDi@GgDBsMAaAC[?qJI}F@mTDiEGeK@mEDqDCyA@sHGyCBwDEaD@uDM_W@mBCkJDUDGNIn@Mb@OrDuCPOLQJc@Bi@CgC?wIDaDEwF@{EAm@K}ACm@@gF@]Hi@h@}ANy@B{@EeEBa@NU`Ao@l@s@Tc@Rg@F[Hk@BmAGgG?mOEiG@WFQDEFCRCvBER@JF@FAn@Bn@EbAD|A?d@BDFBp@ADB
